Report ID,Report Version,Reporting Entity,Report Type,Report Month,Report Year,Report Submission Date,VIN,VIN - Unknown,Serial Number,Make,Model,Model - Unknown,Model Year,Model Year - Unknown,Same Vehicle ID,Mileage,Mileage - Unknown,Driver / Operator Type,ADAS/ADS System Version,ADAS/ADS System Version - Unk,ADAS/ADS System Version CBI,ADAS/ADS Hardware Version,ADAS/ADS Hardware Version - Unk,ADAS/ADS Hardware Version CBI,ADAS/ADS Software Version,ADAS/ADS Software Version - Unk,ADAS/ADS Software Version CBI,Other Reporting Entities?,Other Reporting Entities? - Unk,Other Reporting Entities? - NA,Federal Regulatory Exemption?,Other Federal Reg. Exemption,Federal Reg. Exemption - Unk,Federal Reg. Exemption - No,State or Local Permit?,State or Local Permit,ADS Equipped?,Automation System Engaged?,Operating Entity,Operating Entity - Unknown,Source - Complaint/Claim,Source - Telematics,Source - Law Enforcement,Source - Field Report,Source - Testing,Source - Media,Source - Other,Source - Other Text,Incident Date,Incident Date - Unknown,Notice Received Date,Incident Time (24:00),Incident Time - Unknown,Same Incident ID,Latitude,Latitude - Unknown,Longitude,Longitude - Unknown,Address,Address - Unknown,City,City - Unknown,State,Zip Code,Zip Code - Unknown,Roadway Type,Roadway Surface,Roadway Description,Posted Speed Limit (MPH),Posted Speed Limit - Unknown,Lighting,Weather - Clear,Weather - Snow,Weather - Cloudy,Weather - Fog/Smoke,Weather - Rain,Weather - Severe Wind,Weather - Unknown,Weather - Other,Weather - Other Text,Crash With,Highest Injury Severity Alleged,Property Damage?,CP Pre-Crash Movement,CP Any Air Bags Deployed?,CP Was Vehicle Towed?,CP Contact Area - Rear Left,CP Contact Area - Left,CP Contact Area - Front Left,CP Contact Area - Rear,CP Contact Area - Top,CP Contact Area - Front,CP Contact Area - Rear Right,CP Contact Area - Right,CP Contact Area - Front Right,CP Contact Area - Bottom,CP Contact Area - Unknown,SV Pre-Crash Movement,SV Any Air Bags Deployed?,SV Was Vehicle Towed?,SV Were All Passengers Belted?,SV Precrash Speed (MPH),SV Pre-crash Speed - Unknown,SV Contact Area - Rear Left,SV Contact Area - Left,SV Contact Area - Front Left,SV Contact Area - Rear,SV Contact Area - Top,SV Contact Area - Front,SV Contact Area - Rear Right,SV Contact Area - Right,SV Contact Area - Front Right,SV Contact Area - Bottom,SV Contact Area - Unknown,Data Availability - EDR,Data Availability - Police Rpt,Data Availability - Telematics,Data Availability - Complaints,Data Availability - Video,Data Availability - Other,Data Availability - No Data,Data Availability - Unknown,Law Enforcement Investigating?,Investigating Agency,Investigating Agency - Unknown,Rep Ent Or Mfr Investigating?,Investigating Officer Name,Inv. Officer Name - Unknown,Investigating Officer Phone,Inv. Officer Phone - Unknown,Investigating Officer Email,Inv. Officer Email - Unknown,Within ODD?,Within ODD? - CBI,Narrative,Narrative - CBI?
30270-10174,2,Waymo LLC,Update,,,MAR-2025,SADHW2S11M1, ,N/A,Jaguar,I-PACE, ,2021, ,71998e873ad6c5e,202443, ,None,5th Generation ADS, , ,5th Generation, , ,Version 9, , ,, ,Y,,, ,Y,Yes (specify below),ADOT,Yes,ADS,Waymo LLC, , ,Y, , , , , ,,MAR-2025, ,MAR-2025,11:24, ,92953b8c28a4f6c,[MAY CONTAIN PERSONALLY IDENTIFIABLE INFORMATION], ,[MAY CONTAIN PERSONALLY IDENTIFIABLE INFORMATION], ,[MAY CONTAIN PERSONALLY IDENTIFIABLE INFORMATION], ,Phoenix, ,AZ ,[MAY CONTAIN PERSONALLY IDENTIFIABLE INFORMATION], ,Street,Dry,No Unusual Conditions,40, ,Daylight,Y, , , , , , , ,,SUV,Minor,Yes,"Other, see Narrative",No,No, , , , , ,Y, , , , , ,Stopped,No,Yes,Yes,0, , , , ,Y, , , , , , , , , ,Y, ,Y,Y, , ,Yes,Phoenix Police Department, ,Yes,[MAY CONTAIN PERSONALLY IDENTIFIABLE INFORMATION], ,[MAY CONTAIN PERSONALLY IDENTIFIABLE INFORMATION], ,,Y,Yes, ,"On March [XXX], 2025 at 11:24 AM MT a Waymo Autonomous Vehicle (""Waymo AV"") operating in Phoenix, Arizona was in a collision involving a SUV on[XXX].
The Waymo AV was traveling westbound in the left lane on [XXX]and came to a stop in a queue of traffic for a red light at the intersection at [XXX]. The SUV directly behind the Waymo AV slowed and came to a stop. While the Waymo AV and the SUV were stopped, a passenger car traveling westbound from behind the SUV made contact with the rear of the SUV, causing the SUV to make contact with the rear of the stationary Waymo AV. At the time of the impact, the Waymo AV's Level 4 ADS was engaged in autonomous mode. Both vehicles sustained damage.The passenger in the Waymo AV reported a minor injury. 
Waymo is reporting this crash under Request No. 1 of Standing General Order 2021-01 because a vehicle involved was towed away and because of airbag deployment. Waymo may supplement or correct its reporting with additional information as it may become available.",
30270-10175,1,Waymo LLC,5-Day,,,MAR-2025,SADHW2S1XR1, ,N/A,Jaguar,I-PACE, ,2024, ,f164822d88f8f48,5736, ,None,5th Generation ADS, , ,5th Generation, , ,Version 9, , ,, ,Y,,, ,Y,Yes (specify below),ADOT,Yes,ADS,Waymo LLC, , ,Y, , , , , ,,MAR-2025, ,MAR-2025,17:43, ,58d4d4d7eae563a,[MAY CONTAIN PERSONALLY IDENTIFIABLE INFORMATION], ,[MAY CONTAIN PERSONALLY IDENTIFIABLE INFORMATION], ,[MAY CONTAIN PERSONALLY IDENTIFIABLE INFORMATION], ,Phoenix, ,AZ ,[MAY CONTAIN PERSONALLY IDENTIFIABLE INFORMATION], ,Street,Dry,No Unusual Conditions,25, ,Daylight,Y, , , , , , , ,,SUV,No Injuries Reported,Yes,Making Left Turn,No,No, , , , , , , , ,Y, , ,Stopped,No,Yes,No Passengers in Vehicle,0, , , , , , ,Y, , , , , , , ,Y, ,Y,Y, , ,No,, ,Yes,, ,, ,, ,Yes, ,"On March [XXX], 2025 at 5:43 PM MT a Waymo Autonomous Vehicle (""Waymo AV"") operating in Phoenix, Arizona was in a collision involving an SUV on [XXX]. 
The Waymo AV was stopped in a queue of westbound traffic for a red traffic light on [XXX]. An SUV traveling eastbound on W Monroe Street attempted to make a left turn across the stationary Waymo AV's lane of travel to the entrance of a parking lot on the right of the Waymo AV. As the SUV attempted the left turn the front passenger side of the SUV made contact with the front of the stationary Waymo AV. At the time of the impact, the Waymo AV's Level 4 ADS was engaged in autonomous mode. The Waymo AV sustained damage.
Waymo is reporting this crash under Request No. 1 of Standing General Order 2021-01 because a vehicle involved was towed away. Waymo may supplement or correct its reporting with additional information as it may become available.",
30270-10174,1,Waymo LLC,5-Day,,,MAR-2025,SADHW2S11M1, ,N/A,Jaguar,I-PACE, ,2021, ,71998e873ad6c5e,202443, ,None,5th Generation ADS, , ,5th Generation, , ,Version 9, , ,, ,Y,,, ,Y,Yes (specify below),ADOT,Yes,ADS,Waymo LLC, , ,Y, , , , , ,,MAR-2025, ,MAR-2025,11:24, ,92953b8c28a4f6c,[MAY CONTAIN PERSONALLY IDENTIFIABLE INFORMATION], ,[MAY CONTAIN PERSONALLY IDENTIFIABLE INFORMATION], ,[MAY CONTAIN PERSONALLY IDENTIFIABLE INFORMATION], ,Phoenix, ,AZ ,[MAY CONTAIN PERSONALLY IDENTIFIABLE INFORMATION], ,Street,Dry,No Unusual Conditions,40, ,Daylight,Y, , , , , , , ,,SUV,Minor,Yes,"Other, see Narrative",No,No, , , , , ,Y, , , , , ,Stopped,No,Yes,Yes,0, , , , ,Y, , , , , , , , , ,Y, ,Y,Y, , ,Yes,Phoenix Police Department, ,Yes,[MAY CONTAIN PERSONALLY IDENTIFIABLE INFORMATION], ,[MAY CONTAIN PERSONALLY IDENTIFIABLE INFORMATION], ,,Y,Yes, ,"On March [XXX], 2025 at 11:24 AM MT a Waymo Autonomous Vehicle (Waymo AV) operating in Phoenix, Arizona was in a collision involving a SUV on [XXX] near [XXX].
The Waymo AV was traveling westbound in the left lane on [XXX] and came to a stop in a queue of traffic for a red light at the intersection at [XXX]. The SUV directly behind the Waymo AV slowed and came to a stop. While the Waymo AV and the SUV were stopped, a passenger car traveling westbound from behind the SUV made contact with the rear of the SUV, causing the SUV to make contact with the rear of the stationary Waymo AV. At the time of the impact, the Waymo AVs Level 4 ADS was engaged in autonomous mode. Both vehicles sustained damage.The passenger in the Waymo AV reported a minor injury. 
Waymo is reporting this crash under Request No. 1 of Standing General Order 2021-01 because a vehicle involved was towed away and because of airbag deployment. Waymo may supplement or correct its reporting with additional information as it may become available.",
30270-10109,1,Waymo LLC,5-Day,,,MAR-2025,SADHW2S15R1, ,N/A,Jaguar,I-PACE, ,2024, ,8769d6c86a168c3,18856, ,None,5th Generation ADS, , ,5th Generation, , ,Version 9, , ,, ,Y,,, ,Y,Yes (specify below),ADOT,Yes,ADS,Waymo LLC, , ,Y, , , , , ,,FEB-2025, ,FEB-2025,11:52, ,aa791e99f358c62,[MAY CONTAIN PERSONALLY IDENTIFIABLE INFORMATION], ,[MAY CONTAIN PERSONALLY IDENTIFIABLE INFORMATION], ,[MAY CONTAIN PERSONALLY IDENTIFIABLE INFORMATION], ,Phoenix, ,AZ ,[MAY CONTAIN PERSONALLY IDENTIFIABLE INFORMATION], ,Street,Dry,No Unusual Conditions,35, ,Daylight,Y, , , , , , , ,,SUV,No Injuries Reported,Yes,Passing,No,No, , , , , , , ,Y, , , ,Parked,No,Yes,Yes,0, ,Y, , , , , , , , , , , , ,Y, ,Y,Y, , ,No,, ,Yes,, ,, ,, ,Yes, ,"On February [XXX], 2025 at 11:52 AM MT a Waymo Autonomous Vehicle (""Waymo AV"") operating in Phoenix, Arizona was in a collision involving a SUV at [XXX], [XXX] at [XXX]. 
The Waymo AV was parked at the curb in the ride share designated zone, facing west at [XXX], [XXX] for a passenger pickup at the [XXX] when an SUV parked directly behind the Waymo AV pulled away from the curb behind the Waymo AV and initiated a passing maneuver on the left of the Waymo AV. As the SUV passed the stationary Waymo AV on the left, the passenger side of the SUV made contact with the rear driver side of the Waymo AV. At the time of the impact, the Waymo AV's Level 4 ADS was engaged in autonomous mode. Both vehicles sustained damage.
Waymo is reporting this crash under Request No. 1 of Standing General Order 2021-01 because a vehicle involved was towed away. Waymo may supplement or correct its reporting with additional information as it may become available.",
30270-10059,1,Waymo LLC,5-Day,,,FEB-2025,SADHW2S12R1, ,N/A,Jaguar,I-PACE, ,2024, ,3ce0e4d09f01ed3,77471, ,None,5th Generation ADS, , ,5th Generation, , ,Version 9, , ,, ,Y,,, ,Y,Yes (specify below),ADOT,Yes,ADS,Waymo LLC, , ,Y, , , , , ,,FEB-2025, ,FEB-2025,09:17, ,3b435f5d69bb89b,[MAY CONTAIN PERSONALLY IDENTIFIABLE INFORMATION], ,[MAY CONTAIN PERSONALLY IDENTIFIABLE INFORMATION], ,[MAY CONTAIN PERSONALLY IDENTIFIABLE INFORMATION], ,Phoenix, ,AZ ,[MAY CONTAIN PERSONALLY IDENTIFIABLE INFORMATION], ,Street,Dry,No Unusual Conditions,40, ,Daylight,Y, , , , , , , ,,SUV,No Injuries Reported,Yes,Proceeding Straight,No,No, , , , , ,Y, , , , , ,Proceeding Straight,No,Yes,No Passengers in Vehicle,1, , , , ,Y, , , , , , , , , ,Y, ,Y,Y, , ,No,, ,Yes,, ,, ,, ,Yes, ,"On February [XXX], 2025 at 9:17 AM MT a Waymo Autonomous Vehicle (""Waymo AV"") operating in Phoenix, Arizona was in a collision involving an SUV on [XXX]. 
The Waymo AV was traveling westbound on [XXX] in the center lane, slowing for a queue of traffic for a red light at the intersection at [XXX]. An SUV traveling westbound in the center lane on [XXX] approached the Waymo AV from behind, and the front of the SUV made contact with the rear of the Waymo AV. At the time of the impact, the Waymo AV's Level 4 ADS was engaged in autonomous mode. Both vehicles sustained damage.
Waymo is reporting this crash under Request No. 1 of Standing General Order 2021-01 because a vehicle involved was towed away. Waymo may supplement or correct its reporting with additional information as it may become available.",
30610-10055,1,"Zoox, Inc.",5-Day,,,FEB-2025,5TDDGRFH9HS, ,N/A,Toyota,Highlander, ,2017, ,20c78fc9cfced02,126959, ,In-Vehicle (Commercial / Test),173.25.02.18, , ,173.25.02.18, , ,173.25.02.18, , ,, ,Y,,, ,Y,Yes (specify below),NV DMV AVT Permit,Yes,ADS,Zoox, , , , ,Y,Y, , ,,FEB-2025, ,FEB-2025,01:00, ,c7ca79c67fa49fe,[MAY CONTAIN PERSONALLY IDENTIFIABLE INFORMATION], ,[MAY CONTAIN PERSONALLY IDENTIFIABLE INFORMATION], ,[MAY CONTAIN PERSONALLY IDENTIFIABLE INFORMATION], ,Las Vegas, ,NV ,[MAY CONTAIN PERSONALLY IDENTIFIABLE INFORMATION], ,Intersection,Dry,No Unusual Conditions,45, ,Dark - Lighted,Y, , , , , , , ,,SUV,Minor,Yes,Lane / Road Departure,Yes,Yes, , , , , , ,Y, ,Y, , ,Proceeding Straight,No,Yes,Yes,40, ,Y, ,Y, , , , , , , , , , ,Y, ,Y, , , ,Yes,Nevada Highway Patrol, ,No,[MAY CONTAIN PERSONALLY IDENTIFIABLE INFORMATION], ,,Y,,Y,Yes, ,"A Zoox vehicle (Vehicle 1) in autonomous mode was in the right lane, traveling east on [XXX] in Las Vegas. An SUV (Vehicle 2) to the left of the Zoox vehicle, was traveling ahead in the same direction in the adjacent lane. Just as the Zoox vehicle entered the intersection, the SUV suddenly veered right across the path of the Zoox vehicle. The Zoox vehicle braked hard in response to the encroaching SUV, the Zoox vehicle operator then disengaged from autonomy, and shortly after, the front passenger side of the SUV made contact with the front driver side of the Zoox vehicle. The SUV rotated counterclockwise after impact and the rear passenger side of the SUV made contact with the rear driver side of the Zoox vehicle. The SUV sustained major damage with airbag deployment and the Zoox vehicle sustained moderate damage to the driver side. Both vehicles were towed from the scene. The police and EMS arrived at the scene. The Zoox vehicle operator reported ""body soreness"" and ""limping"" a few hours after the collision.",
30270-9855,1,Waymo LLC,Monthly,1,2025,FEB-2025,SADHW2S11R1, ,N/A,Jaguar,I-PACE, ,2024, ,c42b2ec7c38e971,24880, ,None,5th Generation ADS, , ,5th Generation, , ,Version 9, , ,, ,Y,,, ,Y,Yes (specify below),ADOT,Yes,ADS,Waymo LLC, , ,Y, , , , , ,,JAN-2025, ,JAN-2025,02:21, ,deb21057d4770b8,[MAY CONTAIN PERSONALLY IDENTIFIABLE INFORMATION], ,[MAY CONTAIN PERSONALLY IDENTIFIABLE INFORMATION], ,[MAY CONTAIN PERSONALLY IDENTIFIABLE INFORMATION], ,Scottsdale, ,AZ ,[MAY CONTAIN PERSONALLY IDENTIFIABLE INFORMATION], ,Traffic Circle,Dry,No Unusual Conditions,10, ,Dark - Lighted,Y, , , , , , , ,,SUV,No Injuries Reported,Yes,Parked,No,No, , , , , , , ,Y, , , ,Proceeding Straight,No,No,Yes,3, ,Y,Y, , , , , , , , , , , ,Y, ,Y,Y, , ,No,, ,Yes,, ,, ,, ,Yes, ,"On January [XXX], 2025 at 2:21 AM MT a Waymo Autonomous Vehicle (""Waymo AV"") operating in Scottsdale, Arizona was in a collision involving an SUV at a passenger drop-off lane near [XXX]. 
The Waymo AV was traveling northwest in the right side passenger drop-off lane at [XXX] when it approached an SUV stopped in the left side drop-off lane.  As the Waymo AV was passing the SUV, the back passenger side door of the SUV opened and made contact with the rear driver side of the Waymo AV. At the time of the impact, the Waymo AV's Level 4 ADS was engaged in autonomous mode. Both vehicles sustained damage.
Waymo is reporting this crash under Request No. 2 of Standing General Order 2021-01. Waymo may supplement or correct its reporting with additional information as it may become available.",
30270-9843,1,Waymo LLC,Monthly,1,2025,FEB-2025,SADHW2S16R1, ,N/A,Jaguar,I-PACE, ,2024, ,6f793b42104fb80,17187, ,None,5th Generation ADS, , ,5th Generation, , ,Version 9, , ,, ,Y,,, ,Y,No,,Yes,ADS,Waymo LLC, , ,Y, , , , , ,,JAN-2025, ,JAN-2025,02:20, ,dcbd8c394fe1c63,[MAY CONTAIN PERSONALLY IDENTIFIABLE INFORMATION], ,[MAY CONTAIN PERSONALLY IDENTIFIABLE INFORMATION], ,[MAY CONTAIN PERSONALLY IDENTIFIABLE INFORMATION], ,Austin, ,TX ,[MAY CONTAIN PERSONALLY IDENTIFIABLE INFORMATION], ,Intersection,Dry,No Unusual Conditions,30, ,Dark - Lighted,Y, , , , , , , ,,SUV,No Injuries Reported,Yes,Proceeding Straight,No,No, , , , , ,Y, , , , , ,Proceeding Straight,No,No,No Passengers in Vehicle,0, , , , ,Y, , , , , , , , , ,Y, ,Y,Y, , ,No,, ,Yes,, ,, ,, ,Yes, ,"On January [XXX], 2025 at 2:20 AM CT a Waymo Autonomous Vehicle (""Waymo AV"") operating in Austin, Texas was in a collision involving an SUV on [XXX]. 
The Waymo AV was traveling eastbound on [XXX] and came to a stop in a queue of traffic. An SUV approached the Waymo AV from behind, and the front of the SUV made contact with the rear of the stationary Waymo AV.  At the time of the impact, the Waymo AV's Level 4 ADS was engaged in autonomous mode. The Waymo AV sustained damage.
Waymo is reporting this crash under Request No. 2 of Standing General Order 2021-01.  Waymo may supplement or correct its reporting with additional information as it may become available.",
30610-9726,1,"Zoox, Inc.",5-Day,,,JAN-2025,5TDDGRFH5HS, ,N/A,Toyota,Highlander, ,2017, ,4ad6c03e42653ff,93996, ,In-Vehicle (Commercial / Test),193.25.01.16, , ,193.25.01.16, , ,193.25.01.16, , ,, ,Y,,, ,Y,Yes (specify below),NV DMV AVT Permit,Yes,ADS,Zoox, , , , ,Y,Y, , ,,JAN-2025, ,JAN-2025,10:16, ,69dbcb440688427,[MAY CONTAIN PERSONALLY IDENTIFIABLE INFORMATION], ,[MAY CONTAIN PERSONALLY IDENTIFIABLE INFORMATION], ,[MAY CONTAIN PERSONALLY IDENTIFIABLE INFORMATION], ,Paradise, ,NV ,[MAY CONTAIN PERSONALLY IDENTIFIABLE INFORMATION], ,Street,Dry,No Unusual Conditions,45, ,Daylight,Y, , , , , , , ,,SUV,No Injuries Reported,Yes,Lane / Road Departure,No,No, , , , , , , , ,Y, , ,Proceeding Straight,No,Yes,Yes,42, , ,Y, , , , , , , , , , , ,Y, ,Y, , , ,No,, ,No,, ,, ,, ,Yes, ,"A Zoox vehicle (Vehicle 1) in autonomous mode was in the right lane, traveling west on [XXX] towards [XXX] in Paradise, Nevada. An SUV (Vehicle 2)  to the left of the Zoox vehicle, traveling ahead in the same direction in the adjacent lane, suddenly veered right into the path of the Zoox vehicle. The Zoox vehicle braked in response to the encroaching SUV when the front passenger side of the SUV made contact with the driver's side front and rear doors on the Zoox vehicle. The Zoox vehicle operator then disengaged from autonomy. Both vehicles proceeded a few feet further and stopped briefly in the right lane. Both vehicles then pulled over into a nearby parking lot to exchange information. Both vehicles sustained moderate damage and the Zoox vehicle was towed. There were no reported injuries and police were not called.",
30270-9684,1,Waymo LLC,Monthly,12,2024,JAN-2025,SADHW2S17R1, ,N/A,Jaguar,I-Pace, ,2024, ,610c7c0d5fc0231,24782, ,None,5th Generation ADS, , ,5th Generation, , ,Version 9, , ,, ,Y,,, ,Y,Yes (specify below),ADOT,Yes,ADS,Waymo LLC, , ,Y, , , , , ,,NOV-2024, ,DEC-2024,01:27, ,6b6f37d42353ac0,[MAY CONTAIN PERSONALLY IDENTIFIABLE INFORMATION], ,[MAY CONTAIN PERSONALLY IDENTIFIABLE INFORMATION], ,[MAY CONTAIN PERSONALLY IDENTIFIABLE INFORMATION], ,Scottsdale, ,AZ ,[MAY CONTAIN PERSONALLY IDENTIFIABLE INFORMATION], ,Street,Dry,No Unusual Conditions,25, ,Dark - Lighted,Y, , , , , , , ,,SUV,No Injuries Reported,Yes,Passing,No,No, , , , , , , ,Y, , , ,Stopped,No,No,"No, see Narrative",0, , ,Y, , , , , , , , , , , ,Y, ,Y,Y, , ,No,, ,Yes,, ,, ,, ,Yes, ,"On Sunday, November [XXX], 2024 at 1:27 AM MST, a Waymo Autonomous Vehicle (""Waymo AV"") operating in Scottsdale, Arizona was in a collision involving an SUV on [XXX] at [XXX].
The Waymo AV was stopped facing east on East Indian Plaza for a rider drop-off when an SUV began passing the AV on the left side. As the SUV passed, a rider in the rear driver side passenger seat opened the door of the Waymo AV and the door made contact with the passenger side of the SUV. The passengers were not belted at the time of impact, likely because the AV was conducting a drop-off and the passengers were preparing to exit. At the time of the impact, the Waymo AV's Level 4 ADS was engaged in autonomous mode. Waymo received notice that the SUV sustained damage on December 1, 2024.
Waymo is reporting this crash under Request No. 2 of Standing General Order 2021-01. Waymo may supplement or correct its reporting with additional information as it may become available.",
30531-9698,1,Transdev Alternative Services,Monthly,12,2024,JAN-2025,SADHW2S13R1, ,N/A,JLR,I-Pace, ,2024, ,daba9e03ebb8a2d,29938, ,In-Vehicle (Commercial / Test),5th Generation ADS, , ,5th Generation, , ,Version 9, , ,Waymo LLC, , ,,, ,Y,No,,Yes,ADS,Waymo LLC, , ,Y, , , , , ,,DEC-2024, ,DEC-2024,15:31, ,9ea9103079881a1,[MAY CONTAIN PERSONALLY IDENTIFIABLE INFORMATION], ,[MAY CONTAIN PERSONALLY IDENTIFIABLE INFORMATION], ,[MAY CONTAIN PERSONALLY IDENTIFIABLE INFORMATION], ,Austin, ,TX ,[MAY CONTAIN PERSONALLY IDENTIFIABLE INFORMATION], ,Street,Dry,No Unusual Conditions,35, ,Daylight,Y, , , , , , , ,,SUV,No Injuries Reported,Yes,Backing,No,No, , , ,Y, , , , , , , ,Stopped,No,No,Yes,0, , , , , , ,Y, , , , , , , ,Y, ,Y,Y, , ,No,, ,Yes,, ,, ,, ,Yes, ,"On December [XXX], 2024 at 3:31 PM CT a Waymo Autonomous Vehicle (""Waymo AV"") operating in Austin, Texas was in a collision involving an SUV on [XXX] near [XXX].
The Waymo AV was traveling southwest on [XXX] and came to a stop in a queue of traffic when an SUV traveling directly in front of the Waymo AV reversed, and the rear of the SUV made contact with the front of the stationary Waymo AV.  At the time of the impact, the Waymo AV's Level 4 ADS was engaged in autonomous mode and a test driver was present (in the driver's seating position).  Both vehicles sustained damage.
Transdev Alternative Services is reporting this crash under Request No. 2 of Standing General Order 2021-01.  Trandev may supplement or correct its reporting.  This is a duplicate of NHTSA report ID: 30270-9593-1.",
30270-9554,1,Waymo LLC,Monthly,12,2024,JAN-2025,SADHW2S10R1, ,N/A,JLR,I-PACE, ,2024, ,c728cffeb0c6f38,2094, ,None,5th Generation ADS, , ,5th Generation, , ,Version 9, , ,, ,Y,,, ,Y,Yes (specify below),ADOT,Yes,ADS,Waymo LLC, , ,Y, , , , , ,,DEC-2024, ,DEC-2024,8:00, ,257f64f842f7db7,[MAY CONTAIN PERSONALLY IDENTIFIABLE INFORMATION], ,[MAY CONTAIN PERSONALLY IDENTIFIABLE INFORMATION], ,[MAY CONTAIN PERSONALLY IDENTIFIABLE INFORMATION], ,Mesa, ,AZ ,[MAY CONTAIN PERSONALLY IDENTIFIABLE INFORMATION], ,Street,Dry,No Unusual Conditions,25, ,Daylight,Y, , , , , , , ,,SUV,No Injuries Reported,Yes,Backing,No,No, , , ,Y, , , , , , , ,Stopped,No,No,No Passengers in Vehicle,0, , , , , , ,Y, , , , , , , ,Y, ,Y,Y, , ,No,, ,Yes,, ,, ,, ,Yes, ,"On December [XXX], 2024 at 8:00 AM MT a Waymo Autonomous Vehicle (""Waymo AV"") operating in Mesa, Arizona was in a collision involving an SUV on [XXX] at [XXX]. 
The Waymo AV was parked at the curb facing east on [XXX] when an SUV in front of the Waymo AV attempted to unpark. The SUV reversed and the rear of the SUV made contact with the front of the stationary Waymo AV. At the time of the impact, the Waymo AV's Level 4 ADS was engaged in autonomous mode. Both vehicles sustained damage.
Waymo is reporting this crash under Request No. 2 of Standing General Order 2021-01. Waymo may supplement or correct its reporting with additional information as it may become available.",
30270-9609,1,Waymo LLC,Monthly,12,2024,JAN-2025,SADHW2S10R1, ,N/A,JLR,I-PACE, ,2024, ,c482121c8a6faa8,2373, ,None,5th Generation ADS, , ,5th Generation, , ,Version 9, , ,, ,Y,,, ,Y,Yes (specify below),ADOT,Yes,ADS,Waymo LLC, , ,Y, , , , , ,,DEC-2024, ,DEC-2024,21:14, ,82ad7fd77089739,[MAY CONTAIN PERSONALLY IDENTIFIABLE INFORMATION], ,[MAY CONTAIN PERSONALLY IDENTIFIABLE INFORMATION], ,[MAY CONTAIN PERSONALLY IDENTIFIABLE INFORMATION], ,Tempe, ,AZ ,[MAY CONTAIN PERSONALLY IDENTIFIABLE INFORMATION], ,Parking Lot,Dry,No Unusual Conditions,15, ,Dark - Lighted,Y, , , , , , , ,,SUV,No Injuries Reported,Yes,Making Right Turn,No,No, , , , , , , , ,Y, , ,Making Right Turn,No,No,"No, see Narrative",5, , , ,Y, , , , , , , , , , ,Y, ,Y,Y, , ,No,, ,Yes,, ,, ,, ,Yes, ,"On December [XXX], 2024 at 9:14 PM MT a Waymo Autonomous Vehicle (""Waymo AV"") operating in Tempe, Arizona was in a collision involving an SUV near [XXX]. 
The Waymo AV was exiting a shopping center driveway and yielding to traffic (with its right turn signal activated) as it prepared to make a right onto [XXX]. As the Waymo AV remained stopped, an SUV traveling through the parking lot approached the Waymo AV from the left and came to a stop directly to the left of the Waymo AV. As the Waymo AV nudged forward towards [XXX], the SUV did the same. As the Waymo AV continued to proceed forward to initiate its right turn, the SUV began to initiate a right turn. The front passenger side of the SUV then made contact with the front driver side of the Waymo AV. At the time of the impact, the Waymo AV's Level 4 ADS was engaged in autonomous mode, and the three passengers in the Waymo AV were not wearing seatbelts. The SUV sustained damage. 
Waymo is reporting this crash under Request No. 2 of Standing General Order 2021-01. Waymo may supplement or correct its reporting with additional information as it may become available.",
30270-9591,1,Waymo LLC,Monthly,12,2024,JAN-2025,SADHW2S12M1, ,N/A,JLR,I-PACE, ,2021, ,415510c86f8a0cf,170089, ,None,5th Generation ADS, , ,5th Generation, , ,Version 9, , ,, ,Y,,, ,Y,Yes (specify below),ADOT,Yes,ADS,Waymo LLC, , ,Y, , , , , ,,DEC-2024, ,DEC-2024,23:25, ,f5a328bf18fba9b,[MAY CONTAIN PERSONALLY IDENTIFIABLE INFORMATION], ,[MAY CONTAIN PERSONALLY IDENTIFIABLE INFORMATION], ,[MAY CONTAIN PERSONALLY IDENTIFIABLE INFORMATION], ,Phoenix, ,AZ ,[MAY CONTAIN PERSONALLY IDENTIFIABLE INFORMATION], ,Street,Dry,No Unusual Conditions,40, ,Dark - Lighted,Y, , , , , , , ,,SUV,No Injuries Reported,Yes,Proceeding Straight,No,No, , , , , ,Y, , , , , ,Stopped,No,No,"No, see Narrative",0, , , , ,Y, , , , , , , , , ,Y, ,Y, , , ,No,, ,Yes,, ,, ,, ,Yes, ,"On December [XXX], 2024 at 11:25 PM MT a Waymo Autonomous Vehicle (""Waymo AV"") operating in Phoenix, Arizona was in a collision involving an SUV on [XXX] at [XXX].
The Waymo AV was traveling eastbound on [XXX] and stopped in a queue of traffic for a red light at the intersection with [XXX]. An SUV approached the Waymo AV from behind, and the front of the SUV made contact with the rear of the stationary Waymo AV.  The passengers seated in the rear of the vehicle were not belted at the time of the collision, having buckled the belt behind them. At the time of the impact, the Waymo AV's Level 4 ADS was engaged in autonomous mode. Both vehicles sustained damage.
Waymo is reporting this crash under Request No. 2 of Standing General Order 2021-01. Waymo may supplement or correct its reporting with additional information as it may become available.",