Report ID,Report Version,Reporting Entity,Report Type,Report Month,Report Year,Report Submission Date,VIN,VIN - Unknown,Serial Number,Make,Model,Model - Unknown,Model Year,Model Year - Unknown,Same Vehicle ID,Mileage,Mileage - Unknown,Driver / Operator Type,ADAS/ADS System Version,ADAS/ADS System Version - Unk,ADAS/ADS System Version CBI,ADAS/ADS Hardware Version,ADAS/ADS Hardware Version - Unk,ADAS/ADS Hardware Version CBI,ADAS/ADS Software Version,ADAS/ADS Software Version - Unk,ADAS/ADS Software Version CBI,Other Reporting Entities?,Other Reporting Entities? - Unk,Other Reporting Entities? - NA,Federal Regulatory Exemption?,Other Federal Reg. Exemption,Federal Reg. Exemption - Unk,Federal Reg. Exemption - No,State or Local Permit?,State or Local Permit,ADS Equipped?,Automation System Engaged?,Operating Entity,Operating Entity - Unknown,Source - Complaint/Claim,Source - Telematics,Source - Law Enforcement,Source - Field Report,Source - Testing,Source - Media,Source - Other,Source - Other Text,Incident Date,Incident Date - Unknown,Notice Received Date,Incident Time (24:00),Incident Time - Unknown,Same Incident ID,Latitude,Latitude - Unknown,Longitude,Longitude - Unknown,Address,Address - Unknown,City,City - Unknown,State,Zip Code,Zip Code - Unknown,Roadway Type,Roadway Surface,Roadway Description,Posted Speed Limit (MPH),Posted Speed Limit - Unknown,Lighting,Weather - Clear,Weather - Snow,Weather - Cloudy,Weather - Fog/Smoke,Weather - Rain,Weather - Severe Wind,Weather - Unknown,Weather - Other,Weather - Other Text,Crash With,Highest Injury Severity Alleged,Property Damage?,CP Pre-Crash Movement,CP Any Air Bags Deployed?,CP Was Vehicle Towed?,CP Contact Area - Rear Left,CP Contact Area - Left,CP Contact Area - Front Left,CP Contact Area - Rear,CP Contact Area - Top,CP Contact Area - Front,CP Contact Area - Rear Right,CP Contact Area - Right,CP Contact Area - Front Right,CP Contact Area - Bottom,CP Contact Area - Unknown,SV Pre-Crash Movement,SV Any Air Bags Deployed?,SV Was Vehicle Towed?,SV Were All Passengers Belted?,SV Precrash Speed (MPH),SV Pre-crash Speed - Unknown,SV Contact Area - Rear Left,SV Contact Area - Left,SV Contact Area - Front Left,SV Contact Area - Rear,SV Contact Area - Top,SV Contact Area - Front,SV Contact Area - Rear Right,SV Contact Area - Right,SV Contact Area - Front Right,SV Contact Area - Bottom,SV Contact Area - Unknown,Data Availability - EDR,Data Availability - Police Rpt,Data Availability - Telematics,Data Availability - Complaints,Data Availability - Video,Data Availability - Other,Data Availability - No Data,Data Availability - Unknown,Law Enforcement Investigating?,Investigating Agency,Investigating Agency - Unknown,Rep Ent Or Mfr Investigating?,Investigating Officer Name,Inv. Officer Name - Unknown,Investigating Officer Phone,Inv. Officer Phone - Unknown,Investigating Officer Email,Inv. Officer Email - Unknown,Within ODD?,Within ODD? - CBI,Narrative,Narrative - CBI?
30270-9593,1,Waymo LLC,Monthly,12,2024,JAN-2025,SADHW2S13R1, ,N/A,JLR,I-PACE, ,2024, ,daba9e03ebb8a2d,29938, ,In-Vehicle (Commercial / Test),5th Generation ADS, , ,5th Generation, , ,Version 9, , ,Transdev Alternative Services, , ,,, ,Y,No,,Yes,ADS,Waymo LLC, , ,Y, , , , , ,,DEC-2024, ,DEC-2024,15:31, ,9ea9103079881a1,[MAY CONTAIN PERSONALLY IDENTIFIABLE INFORMATION], ,[MAY CONTAIN PERSONALLY IDENTIFIABLE INFORMATION], ,[MAY CONTAIN PERSONALLY IDENTIFIABLE INFORMATION], ,Austin, ,TX ,[MAY CONTAIN PERSONALLY IDENTIFIABLE INFORMATION], ,Street,Dry,No Unusual Conditions,35, ,Daylight,Y, , , , , , , ,,SUV,No Injuries Reported,Yes,Backing,No,No, , , ,Y, , , , , , , ,Stopped,No,No,Yes,0, , , , , , ,Y, , , , , , , ,Y, ,Y,Y, , ,No,, ,Yes,, ,, ,, ,Yes, ,"On December [XXX], 2024 at 3:31 PM CT a Waymo Autonomous Vehicle (""Waymo AV"") operating in Austin, Texas was in a collision involving an SUV on [XXX] near [XXX]. 
The Waymo AV was traveling southwest on [XXX] and came to a stop in a queue of traffic when an SUV traveling directly in front of the Waymo AV reversed, and the rear of the SUV made contact with the front of the stationary Waymo AV. At the time of the impact, the Waymo AV's Level 4 ADS was engaged in autonomous mode and a test driver was present (in the driver's seating position). Both vehicles sustained damage.
Waymo is reporting this crash under Request No. 2 of Standing General Order 2021-01. Waymo may supplement or correct its reporting with additional information as it may become available.",
30270-9544,1,Waymo LLC,Monthly,12,2024,JAN-2025,SADHW2S16M1, ,N/A,JLR,I-PACE, ,2021, ,ad80e645239c6c6,173095, ,None,5th Generation ADS, , ,5th Generation, , ,Version 9, , ,, ,Y,,, ,Y,Yes (specify below),ADOT,Yes,ADS,Waymo LLC, , ,Y, , , , , ,,DEC-2024, ,DEC-2024,18:09, ,7f9f0e2e92c94e7,[MAY CONTAIN PERSONALLY IDENTIFIABLE INFORMATION], ,[MAY CONTAIN PERSONALLY IDENTIFIABLE INFORMATION], ,[MAY CONTAIN PERSONALLY IDENTIFIABLE INFORMATION], ,Phoenix, ,AZ ,[MAY CONTAIN PERSONALLY IDENTIFIABLE INFORMATION], ,Street,Dry,No Unusual Conditions,25, ,Dark - Lighted,Y, , , , , , , ,,SUV,No Injuries Reported,Yes,Making Right Turn,No,No, , ,Y, , , , , , , , ,Proceeding Straight,No,No,No Passengers in Vehicle,18, , , , , , , , ,Y, , , , , ,Y, ,Y,Y, , ,No,, ,Yes,, ,, ,, ,Yes, ,"On December [XXX], 2024 at 6:09 PM MT a Waymo Autonomous Vehicle (Waymo AV) operating in Phoenix, Arizona was in a collision involving an SUV on [XXX] near [XXX]. 
The Waymo AV was travelling southbound on the single lane on [XXX], preparing to enter the dedicated left turn lane at the intersection with [XXX], when an SUV was exiting a shopping center driveway making a right turn onto southbound [XXX]. As the SUV turned, the front driver side of the SUV made contact with the passenger side of the Waymo AV. At the time of the impact, the Waymo AVs Level 4 ADS was engaged in autonomous mode. Both vehicles sustained damage.
Waymo is reporting this crash under Request No.  2 of Standing General Order 2021-01. Waymo may supplement or correct its reporting with additional information as it may become available.",
30270-9541,1,Waymo LLC,Monthly,12,2024,JAN-2025,SADHW2S14R1, ,N/A,JLR,I-PACE, ,2024, ,5483e8ac9a9c077,29681, ,None,5th Generation ADS, , ,5th Generation, , ,Version 9, , ,, ,Y,,, ,Y,Yes (specify below),ADOT,Yes,ADS,Waymo LLC, , ,Y, , , , , ,,DEC-2024, ,DEC-2024,15:32, ,a089bf89fc01c3d,[MAY CONTAIN PERSONALLY IDENTIFIABLE INFORMATION], ,[MAY CONTAIN PERSONALLY IDENTIFIABLE INFORMATION], ,[MAY CONTAIN PERSONALLY IDENTIFIABLE INFORMATION], ,Phoenix, ,AZ ,[MAY CONTAIN PERSONALLY IDENTIFIABLE INFORMATION], ,Street,Dry,No Unusual Conditions,35, ,Daylight,Y, , , , , , , ,,SUV,Minor,Yes,Changing Lanes,No,No, , , , , , , ,Y, , , ,Stopped,No,No,Yes,0, ,Y, , , , , , , , , , , , ,Y, ,Y,Y, , ,Yes,Phoenix Police Department, ,Yes,[MAY CONTAIN PERSONALLY IDENTIFIABLE INFORMATION], ,[MAY CONTAIN PERSONALLY IDENTIFIABLE INFORMATION], ,,Y,Yes, ,"On December [XXX], 2024 at 3:32 PM MT a Waymo Autonomous Vehicle (""Waymo AV"") operating in Phoenix, Arizona was in a collision involving a SUV on [XXX] near [XXX]. 
The Waymo AV was traveling westbound in the leftmost lane of three lanes on [XXX], and came to a stop in a queue of traffic. While the Waymo AV remained stopped, an SUV approached the Waymo AV from behind and began to change lanes into the center shared turn lane, and the passenger side of the SUV made contact with the rear driver side of the stationary Waymo AV. At the time of the impact, the Waymo AV's Level 4 ADS was engaged in autonomous mode. Both vehicles sustained damage and the passenger in the Waymo AV alleged a minor injury.
Waymo is reporting this crash under Request No. 2 of Standing General Order 2021-01. Waymo may supplement or correct its reporting with additional information as it may become available.",
30270-9508,1,Waymo LLC,5-Day,,,DEC-2024,SADHW2S10R1, ,N/A,JLR,I-PACE, ,2024, ,173bb7fc06f4670,33842, ,None,5th Generation ADS, , ,5th Generation, , ,Version 9, , ,, ,Y,,, ,Y,Yes (specify below),ADOT,Yes,ADS,Waymo LLC, , ,Y, , , , , ,,DEC-2024, ,DEC-2024,07:43, ,426f8c49d412f95,[MAY CONTAIN PERSONALLY IDENTIFIABLE INFORMATION], ,[MAY CONTAIN PERSONALLY IDENTIFIABLE INFORMATION], ,[MAY CONTAIN PERSONALLY IDENTIFIABLE INFORMATION], ,Scottsdale, ,AZ ,[MAY CONTAIN PERSONALLY IDENTIFIABLE INFORMATION], ,Street,Dry,No Unusual Conditions,45, ,Daylight, , ,Y, , , , , ,,SUV,No Injuries Reported,Yes,Proceeding Straight,Yes,Unknown, , , , , , , , ,Y, , ,Stopped,No,Yes,Yes,0, ,Y, , , , , , , , , , , , ,Y, ,Y,Y, , ,No,, ,Yes,, ,, ,, ,Yes, ,"On December [XXX], 2024 at 7:43 AM MT a Waymo Autonomous Vehicle (""Waymo AV"") operating in Scottsdale, Arizona was in a collision involving an SUV on [XXX] near [XXX]. 
The Waymo AV was traveling westbound on [XXX] and came to a stop in a queue of traffic for a red light at the intersection with [XXX]. An SUV approached the Waymo AV from behind, and the front of the SUV made contact with the rear of the stationary Waymo AV. At the time of the impact, the Waymo AV's Level 4 ADS was engaged in autonomous mode. Both vehicles sustained damage.
Waymo is reporting this crash under Request No. 1 of Standing General Order 2021-01 because of airbag deployment and because a vehicle involved was towed away. Waymo may supplement or correct its reporting with additional information as it may become available.",
33175-9303,1,Mobileye Vision Technologies,Monthly,11,2024,DEC-2024,,Y,,Volkswagen,ID.Buzz, ,2023, , ,,Y,In-Vehicle (Commercial / Test),,Y, ,,Y, ,,Y, ,"Volkswagen Group of America, Inc.", , ,,,Y, ,Unknown,,Yes,ADS,VWGoA- ADMT, , , , , , , ,Y,Volkswagen,JUN-2024, ,NOV-2024,12:54, , ,,Y,,Y,[MAY CONTAIN PERSONALLY IDENTIFIABLE INFORMATION], ,Austin, ,TX ,,Y,Street,Dry,No Unusual Conditions,35, ,Daylight, , , , , , ,Y, ,,SUV,No Injuries Reported,Yes,Proceeding Straight,No,No, , ,Y, , ,Y, , ,Y, , ,Proceeding Straight,No,No,Yes,,Y,Y, , ,Y, , ,Y, , , , , , , , , , , ,Y,Unknown,,Y,Unknown,,Y,,Y,,Y,"Unknown, see Narrative", ,"On JUL-2024, Volkswagen Group of America, Inc. (""VW"") filed an Incident Report (NHTSA-provided Report ID-1420-7995 - the ""Report"") under the Second Amended Standing General Order 2021-01, dated April 5, 2023 (the ""SGO""). The subject vehicle referred to in the Report contains the Reporter's  software and hardware. Since the Reporter is also a Reporting Entity under the SGO, the Reporter hereby submits this report. In order to avoid duplications and additional CBI requests, this submission includes the publicly available information of the Report and incorporates the Report by reference. This submission is based on the information provided to the Reporter by VW. The Reporter currently believes that it has no independent knowledge of the information in this report.
From Volkswagen:
The subject vehicle (autonomous vehicle - AV) was stopped at a red traffic light, in a queue of vehicles, heading west on [REDACTED, MAY CONTAIN CONFIDENTIAL BUSINESS INFORMATION], with autonomous driving (AD) mode engaged. Once the light turned green, the queue of vehicles started to move forward, the AV started to move forward with the queue, and prior to crossing the intersection, the AV was struck from behind by an SUV. After impact the safety driver of the AV applied the brakes to disengage AD mode and then proceeded to find a safe spot to assess the incident by turning right onto [REDACTED, MAY CONTAIN CONFIDENTIAL BUSINESS INFORMATION]. The driver of the SUV followed the AV to a safe location to assess the incident and exchange contact information. There were no reported injuries, airbag deployments, or tow-aways between either party involved.  The AV sustained minor damage to the rear of the vehicle including the rear bumper cover, rear bumper carrier, and a rear facing camera. The SUV damage was reported as scratches and dents to the front bumper cover. Both vehicles were able to safely drive away from the scene. VWGoA does not plan to investigate the incident any further as the facts and circumstances do not indicate any issue with the vehicle's performance.",
30270-9203,1,Waymo LLC,5-Day,,,NOV-2024,SADHW2S17R1, ,N/A,Jaguar,I-Pace, ,2024, ,cd79b6532185799,18936, ,None,5th Generation ADS, , ,5th Generation, , ,Version 9, , ,, ,Y,,, ,Y,Yes (specify below),ADOT,Yes,ADS,Waymo LLC, , ,Y, , , , , ,,NOV-2024, ,NOV-2024,12:01, ,312e08a5035ca97,[MAY CONTAIN PERSONALLY IDENTIFIABLE INFORMATION], ,[MAY CONTAIN PERSONALLY IDENTIFIABLE INFORMATION], ,[MAY CONTAIN PERSONALLY IDENTIFIABLE INFORMATION], ,Phoenix, ,AZ ,[MAY CONTAIN PERSONALLY IDENTIFIABLE INFORMATION], ,Street,Dry,No Unusual Conditions,25, ,Daylight,Y, , , , , , , ,,SUV,No Injuries Reported,Yes,Proceeding Straight,No,No, , , , , , , , ,Y, , ,Parked,No,Yes,"No, see Narrative",0, , ,Y, , , , , , , , , , , ,Y, ,Y,Y, , ,No,, ,Yes,, ,, ,, ,Yes, ,"On November [XXX], 2024 at 12:01 PM MT a Waymo Autonomous Vehicle (""Waymo AV"") operating in Phoenix, Arizona was in a collision involving an SUV on [XXX] at [XXX].
The Waymo AV was traveling westbound on [XXX] in a one lane road and came to a stop at the curb for a passenger drop off. A rider in the Waymo AV opened the rear driver side door to exit as an SUV was passing the Waymo AV on the left, and the front passenger side of the SUV made contact with the opened rear driver side door of the Waymo AV. The passenger that was in the vehicle was not belted at the time of the collision, likely because they were at a drop off location and preparing to exit. At the time of the impact, the Waymo AV's Level 4 ADS was engaged in autonomous mode. Both vehicles sustained damage.
Waymo is reporting this crash under Request No. 1 of Standing General Order 2021-01 because a vehicle involved was towed away. Waymo may supplement or correct its reporting with additional information as it may become available.",
30270-9180,1,Waymo LLC,Monthly,10,2024,NOV-2024,SADHW2S16R1, ,N/A,Jaguar,I-Pace, ,2024, ,ee341e8288f94f8,5587, ,None,5th Generation ADS, , ,5th Generation, , ,Version 9, , ,, ,Y,,, ,Y,No,,Yes,ADS,Waymo LLC, , ,Y, , , , , ,,OCT-2024, ,OCT-2024,09:49, ,fee5201a113cebe,[MAY CONTAIN PERSONALLY IDENTIFIABLE INFORMATION], ,[MAY CONTAIN PERSONALLY IDENTIFIABLE INFORMATION], ,[MAY CONTAIN PERSONALLY IDENTIFIABLE INFORMATION], ,Austin, ,TX ,[MAY CONTAIN PERSONALLY IDENTIFIABLE INFORMATION], ,Intersection,Dry,No Unusual Conditions,25, ,Daylight, , ,Y, , , , , ,,SUV,No Injuries Reported,Yes,Proceeding Straight,No,No, , , , , ,Y, , ,Y, , ,Proceeding Straight,No,No,No Passengers in Vehicle,14, , , , , , , , ,Y, , , , , ,Y, ,Y,Y, , ,No,, ,Yes,, ,, ,, ,Yes, ,"On October [XXX], 2024 at 9:49 AM CT a Waymo Autonomous Vehicle (Waymo AV) operating in Austin, Texas was in a collision involving an SUV on [XXX] at [XXX].
The Waymo AV was traveling north on [XXX] when it came to a stop at a four-way stop sign at the intersection with [XXX]. The Waymo AV then proceeded straight through the intersection when an SUV traveling west on [XXX] proceeded past the four-way stop sign at the intersection with [XXX] without first stopping. The front of the SUV then made contact with the passenger side of the Waymo AV. At the time of the impact, the Waymo AVs Level 4 ADS was engaged in autonomous mode. Both vehicles sustained damage.
Waymo is reporting this crash under Request No. 2 of Standing General Order 2021-01. Waymo may supplement or correct its reporting with additional information as it may become available.",
30270-9141,1,Waymo LLC,Monthly,10,2024,NOV-2024,SADHW2S13R1, ,N/A,Jaguar,I-Pace, ,2024, ,2f140523d843fba,29692, ,None,5th Generation ADS, , ,5th Generation, , ,Version 9, , ,, ,Y,,, ,Y,Yes (specify below),ADOT          ,Yes,ADS,Waymo LLC, , ,Y, , , , , ,,OCT-2024, ,OCT-2024,12:35, ,93e8f390b0af7bc,[MAY CONTAIN PERSONALLY IDENTIFIABLE INFORMATION], ,[MAY CONTAIN PERSONALLY IDENTIFIABLE INFORMATION], ,[MAY CONTAIN PERSONALLY IDENTIFIABLE INFORMATION], ,Phoenix, ,AZ ,[MAY CONTAIN PERSONALLY IDENTIFIABLE INFORMATION], ,Street,Dry,No Unusual Conditions,25, ,Daylight, , ,Y, , , , , ,,SUV,No Injuries Reported,Yes,Passing,No,No, , , , , , , ,Y, , , ,Stopped,No,No,No Passengers in Vehicle,0, ,Y, , , , , , , , , , , , ,Y, ,Y,Y, , ,No,, ,Yes,, ,, ,, ,Yes, ,"On October [XXX], 2024 at 12:35 PM MT a Waymo Autonomous Vehicle (Waymo AV) operating in Phoenix, Arizona was in a collision involving an SUV on [XXX] near [XXX].
The Waymo AV was stopped on southbound [XXX] for a passenger pick-up when an SUV that had made a left turn from westbound [XXX] onto southbound [XXX] approached the Waymo AV from behind. The SUV then began to maneuver around the stopped Waymo AV on the left. As the SUV was passing the stopped Waymo AV, the passenger side of the SUV made contact with the rear driver side of the Waymo AV. At the time of the impact, the Waymo AVs Level 4 ADS was engaged in autonomous mode. The SUV sustained damage.
Waymo is reporting this crash under Request No. 2 of Standing General Order 2021-01. Waymo may supplement or correct its reporting with additional information as it may become available.",
30610-9137,1,"Zoox, Inc.",Monthly,10,2024,NOV-2024,5TDDGRFH8KS, ,N/A,Toyota,Highlander, ,2019, ,b4ec7c2d74c9bab,68048, ,In-Vehicle (Commercial / Test),320.24.10.13, , ,320.24.10.13, , ,320.24.10.13, , ,, ,Y,,, ,Y,Yes (specify below),NV DMV AVT Permit,Yes,ADS,Zoox, , , , ,Y,Y, , ,,OCT-2024, ,OCT-2024,19:03, ,45ffa3dbfb91527,[MAY CONTAIN PERSONALLY IDENTIFIABLE INFORMATION], ,[MAY CONTAIN PERSONALLY IDENTIFIABLE INFORMATION], ,[MAY CONTAIN PERSONALLY IDENTIFIABLE INFORMATION], ,Paradise, ,NV ,[MAY CONTAIN PERSONALLY IDENTIFIABLE INFORMATION], ,Street,Dry,No Unusual Conditions,45, ,Dark - Lighted,Y, , , , , , , ,,SUV,No Injuries Reported,Yes,Lane / Road Departure,No,No, , , , , , , , ,Y, , ,Proceeding Straight,No,No,Yes,39, , ,Y, , , , , , , , , , , ,Y, ,Y, , , ,No,, ,No,, ,, ,, ,Yes, ,"A Zoox vehicle (Vehicle 1) in autonomy was in the right travel lane, traveling east on [XXX] approaching the intersection with [XXX] in Paradise, Nevada. An SUV (Vehicle 2) was traveling in the same direction, in the adjacent lane to the left of the Zoox vehicle. Shortly after the two vehicles cleared the intersection with [XXX], the SUV veered right into Zoox vehicle's travel lane. The passenger side fender of the SUV made contact with the driver side quarter panel of the Zoox vehicle. The Zoox vehicle operator then disengaged from autonomy. There was minor damage to the Zoox vehicle. The driver of the other vehicle did not stop and left the scene without exchanging information. There were no reported injuries and police were not called.",
30610-9120,1,"Zoox, Inc.",Monthly,10,2024,NOV-2024,5TDDGRFH3HS, ,N/A,Toyota,Highlander, ,2017, ,b190e74ca690dea,90151, ,In-Vehicle (Commercial / Test),157.24.10.08, , ,157.24.10.08, , ,157.24.10.08, , ,, ,Y,,, ,Y,Yes (specify below),NV DMV AVT Permit,Yes,ADS,Zoox, , , , ,Y,Y, , ,,OCT-2024, ,OCT-2024,21:38, ,43b4f86310fe930,[MAY CONTAIN PERSONALLY IDENTIFIABLE INFORMATION], ,[MAY CONTAIN PERSONALLY IDENTIFIABLE INFORMATION], ,[MAY CONTAIN PERSONALLY IDENTIFIABLE INFORMATION], ,Paradise, ,NV ,[MAY CONTAIN PERSONALLY IDENTIFIABLE INFORMATION], ,Street,Dry,Work Zone,30, ,Dark - Lighted,Y, , , , , , , ,,SUV,No Injuries Reported,Yes,Passing,No,No, , , , , , , , ,Y, , ,Stopped,No,No,Yes,0, , , ,Y, , , , , , , , , , ,Y, ,Y, , , ,No,, ,No,, ,, ,, ,Yes, ,"A Zoox vehicle (Vehicle 1) in autonomy was stopped in stop and go traffic in lane 3 of northbound [XXX] in Paradise, Nevada. While the Zoox vehicle was stopped, an SUV (Vehicle 2), also in lane 3 of northbound [XXX], moved into lane 2. As the SUV passed the Zoox vehicle, the passenger side mirror of the SUV tapped the driver side mirror of the Zoox vehicle. The Zoox vehicle operator then disengaged from autonomy. The cover of the driver side mirror on the Zoox vehicle detached from the housing and there was no damage to the other vehicle. There were no reported injuries and police were not called.",
30270-9116,1,Waymo LLC,Monthly,10,2024,NOV-2024,SADHW2S19M1, ,N/A,Jaguar,I-Pace, ,2021, ,d8267d92453af19,67823, ,None,5th Generation ADS, , ,5th Generation, , ,Version 9, , ,, ,Y,,, ,Y,Yes (specify below),ADOT,Yes,ADS,Waymo LLC, , ,Y, , , , , ,,OCT-2024, ,OCT-2024,02:27, ,0b3ca1927d60743,[MAY CONTAIN PERSONALLY IDENTIFIABLE INFORMATION], ,[MAY CONTAIN PERSONALLY IDENTIFIABLE INFORMATION], ,[MAY CONTAIN PERSONALLY IDENTIFIABLE INFORMATION], ,Tempe, ,AZ ,[MAY CONTAIN PERSONALLY IDENTIFIABLE INFORMATION], ,Street,Dry,No Unusual Conditions,30, ,Dark - Lighted,Y, , , , , , , ,,SUV,No Injuries Reported,Yes,Proceeding Straight,No,No, , , , , ,Y, , , , , ,Stopped,No,No,Yes,0, , , , ,Y, , , , , , , , , ,Y, ,Y,Y, , ,Yes,Tempe Police Department, ,Yes,[MAY CONTAIN PERSONALLY IDENTIFIABLE INFORMATION], ,,Y,,Y,Yes, ,"On October [XXX], 2024 at 2:27 AM MT a Waymo Autonomous Vehicle (""Waymo AV"") operating in Tempe, Arizona was in a collision involving a passenger car on [XXX] at [XXX]. 
The Waymo AV was stopped at a red traffic light facing south on [XXX] at the intersection with [XXX] when a passenger car that had been stopped behind the Waymo AV began moving and the front bumper of the passenger car made contact with the rear bumper of the Waymo AV.  At the time of the impact, the Waymo AV's Level 4 ADS was engaged in autonomous mode.  The passenger car sustained damage.
Waymo is reporting this crash under Request No. 2 of Standing General Order 2021-01.  Waymo may supplement or correct its reporting with additional information as it may become available.",
30270-9111,1,Waymo LLC,Monthly,10,2024,NOV-2024,SADHW2S15M1, ,N/A,Jaguar,I-Pace, ,2021, ,0c7b648d5dfb9f3,120242, ,None,5th Generation ADS, , ,5th Generation, , ,Version 9, , ,, ,Y,,, ,Y,Yes (specify below),ADOT,Yes,ADS,Waymo LLC, , ,Y, , , , , ,,OCT-2024, ,OCT-2024,00:54, ,3404f70013700b9,[MAY CONTAIN PERSONALLY IDENTIFIABLE INFORMATION], ,[MAY CONTAIN PERSONALLY IDENTIFIABLE INFORMATION], ,[MAY CONTAIN PERSONALLY IDENTIFIABLE INFORMATION], ,Scottsdale, ,AZ ,[MAY CONTAIN PERSONALLY IDENTIFIABLE INFORMATION], ,Street,Dry,No Unusual Conditions,25, ,Dark - Lighted,Y, , , , , , , ,,SUV,No Injuries Reported,Yes,Proceeding Straight,No,No, ,Y, , , , , , , , , ,Stopped,No,No,No Passengers in Vehicle,0, , ,Y, , , , , , , , , , , ,Y, ,Y,Y, , ,Yes,Scottsdale Police Department, ,Yes,[MAY CONTAIN PERSONALLY IDENTIFIABLE INFORMATION], ,,Y,,Y,Yes, ,"On October [XXX], 2024 at 12:54 AM MT a Waymo Autonomous Vehicle (""Waymo AV"") operating in Scottsdale, Arizona was in a collision involving a SUV on [XXX] at [XXX].
The Waymo AV was traveling north on [XXX], when it approached a vehicle that was stopped in the single travel lane for a passenger pickup. The Waymo AV began to maneuver around the stopped vehicle by entering the clear southbound lane. The Waymo AV entered the southbound lane and came to a stop to yield to other cars and pedestrians. The vehicle that the Waymo AV had been passing then pulled forward. Traffic, including another Waymo AV, began passing northbound to the right of the Waymo AV, and traffic began approaching in the southbound direction. The Waymo AV remained stationary in the southbound lane with its right turn signal activated, attempting to re-enter the northbound lane, but was unable due to the additional traffic now proceeding in the northbound direction. While the Waymo AV remained stationary in the southbound lane, an SUV traveling southbound passed the Waymo AV, and the driver side of the SUV made contact with the driver side of the stopped Waymo AV. At the time of the impact, the Waymo AV's Level 4 ADS was engaged in autonomous mode. Both vehicles sustained damage.
Waymo is reporting this crash under Request No. 2 of Standing General Order 2021-01  Waymo may supplement or correct its reporting with additional information as it may become available.",
30270-8859,1,Waymo LLC,Monthly,9,2024,OCT-2024,SADHW2S13M1, ,N/A,Jaguar,I-Pace, ,2021, ,b27d27e72de0d32,148805, ,None,5th Generation ADS, , ,5th Generation, , ,Version 9, , ,, ,Y,,, ,Y,Yes (specify below),ADOT,Yes,ADS,Waymo LLC, , ,Y, , , , , ,,SEP-2024, ,SEP-2024,10:05, ,3b07164f997b49e,[MAY CONTAIN PERSONALLY IDENTIFIABLE INFORMATION], ,[MAY CONTAIN PERSONALLY IDENTIFIABLE INFORMATION], ,[MAY CONTAIN PERSONALLY IDENTIFIABLE INFORMATION], ,Phoenix, ,AZ ,[MAY CONTAIN PERSONALLY IDENTIFIABLE INFORMATION], ,Street,Dry,No Unusual Conditions,35, ,Daylight,Y, , , , , , , ,,SUV,No Injuries Reported,Yes,Changing Lanes,No,No, , , , , , , , ,Y, , ,Stopped,No,No,Yes,0, ,Y, , , , , , , , , , , , ,Y, ,Y,Y, , ,Yes,Phoenix Police Department, ,Yes,[MAY CONTAIN PERSONALLY IDENTIFIABLE INFORMATION], ,,Y,,Y,Yes, ,"On September [XXX], 2024 at 10:05 AM MT a Waymo Autonomous Vehicle (Waymo AV) operating in Phoenix, Arizona was in a collision involving a SUV on [XXX] at [XXX].
The Waymo AV was traveling eastbound in the leftmost straight lane on [XXX] and came to a stop in a queue of traffic for a red light at the intersection with [XXX]. The SUV traveling behind the Waymo AV began merging to the left turn lane at the same time a pickup truck was traveling in that lane, and the driver side of the SUV made contact with the passenger side of the pickup truck. After making contact with the pickup truck, the SUV swerved into the stationary Waymo AV, and the front passenger side of the SUV made contact with the rear driver side of the Waymo AV. At the time of the impact, the Waymo AVs Level 4 ADS was engaged in autonomous mode. All vehicles involved sustained damage.
Waymo is reporting this crash under Request No. 2 of Standing General Order 2021-01. Waymo may supplement or correct its reporting with additional information as it may become available.",