Report ID,Report Version,Reporting Entity,Report Type,Report Month,Report Year,Report Submission Date,VIN,VIN - Unknown,Serial Number,Make,Model,Model - Unknown,Model Year,Model Year - Unknown,Same Vehicle ID,Mileage,Mileage - Unknown,Driver / Operator Type,ADAS/ADS System Version,ADAS/ADS System Version - Unk,ADAS/ADS System Version CBI,ADAS/ADS Hardware Version,ADAS/ADS Hardware Version - Unk,ADAS/ADS Hardware Version CBI,ADAS/ADS Software Version,ADAS/ADS Software Version - Unk,ADAS/ADS Software Version CBI,Other Reporting Entities?,Other Reporting Entities? - Unk,Other Reporting Entities? - NA,Federal Regulatory Exemption?,Other Federal Reg. Exemption,Federal Reg. Exemption - Unk,Federal Reg. Exemption - No,State or Local Permit?,State or Local Permit,ADS Equipped?,Automation System Engaged?,Operating Entity,Operating Entity - Unknown,Source - Complaint/Claim,Source - Telematics,Source - Law Enforcement,Source - Field Report,Source - Testing,Source - Media,Source - Other,Source - Other Text,Incident Date,Incident Date - Unknown,Notice Received Date,Incident Time (24:00),Incident Time - Unknown,Same Incident ID,Latitude,Latitude - Unknown,Longitude,Longitude - Unknown,Address,Address - Unknown,City,City - Unknown,State,Zip Code,Zip Code - Unknown,Roadway Type,Roadway Surface,Roadway Description,Posted Speed Limit (MPH),Posted Speed Limit - Unknown,Lighting,Weather - Clear,Weather - Snow,Weather - Cloudy,Weather - Fog/Smoke,Weather - Rain,Weather - Severe Wind,Weather - Unknown,Weather - Other,Weather - Other Text,Crash With,Highest Injury Severity Alleged,Property Damage?,CP Pre-Crash Movement,CP Any Air Bags Deployed?,CP Was Vehicle Towed?,CP Contact Area - Rear Left,CP Contact Area - Left,CP Contact Area - Front Left,CP Contact Area - Rear,CP Contact Area - Top,CP Contact Area - Front,CP Contact Area - Rear Right,CP Contact Area - Right,CP Contact Area - Front Right,CP Contact Area - Bottom,CP Contact Area - Unknown,SV Pre-Crash Movement,SV Any Air Bags Deployed?,SV Was Vehicle Towed?,SV Were All Passengers Belted?,SV Precrash Speed (MPH),SV Pre-crash Speed - Unknown,SV Contact Area - Rear Left,SV Contact Area - Left,SV Contact Area - Front Left,SV Contact Area - Rear,SV Contact Area - Top,SV Contact Area - Front,SV Contact Area - Rear Right,SV Contact Area - Right,SV Contact Area - Front Right,SV Contact Area - Bottom,SV Contact Area - Unknown,Data Availability - EDR,Data Availability - Police Rpt,Data Availability - Telematics,Data Availability - Complaints,Data Availability - Video,Data Availability - Other,Data Availability - No Data,Data Availability - Unknown,Law Enforcement Investigating?,Investigating Agency,Investigating Agency - Unknown,Rep Ent Or Mfr Investigating?,Investigating Officer Name,Inv. Officer Name - Unknown,Investigating Officer Phone,Inv. Officer Phone - Unknown,Investigating Officer Email,Inv. Officer Email - Unknown,Within ODD?,Within ODD? - CBI,Narrative,Narrative - CBI?
669-6808,1,Hyundai Motor America,5-Day,,,DEC-2023,KMHCBACB9H1, ,N/A,Hyundai,IONIQ 5, ,2022, ,e3e4516cdf04334,609, ,In-Vehicle (Commercial / Test),"[REDACTED, MAY CONTAIN CONFIDENTIAL BUSINESS INFORMATION]", ,Y,"[REDACTED, MAY CONTAIN CONFIDENTIAL BUSINESS INFORMATION]", ,Y,"[REDACTED, MAY CONTAIN CONFIDENTIAL BUSINESS INFORMATION]", ,Y,Motional, , ,Part 591 Exemption granted by permission letter from NHTSA,, , ,Yes (specify below),Nevada,Yes,ADS,Motional, , , , , , , ,Y,Notice from operating entity,DEC-2023, ,DEC-2023,13:24, ,670484ffbbaf0e4,[MAY CONTAIN PERSONALLY IDENTIFIABLE INFORMATION], ,[MAY CONTAIN PERSONALLY IDENTIFIABLE INFORMATION], ,[MAY CONTAIN PERSONALLY IDENTIFIABLE INFORMATION], ,Las Vegas, ,NV ,[MAY CONTAIN PERSONALLY IDENTIFIABLE INFORMATION], ,Intersection,Dry,No Unusual Conditions,15, ,Daylight,Y, , , , , , , ,,SUV,No Injuries Reported,Yes,Making Right Turn,No,No, , ,Y, , ,Y, , , , , ,Proceeding Straight,No,Yes,Yes,0, , , , , , , ,Y,Y, , , , , , , ,Y, , , ,No,, ,Yes,, ,, ,, ,"[REDACTED, MAY CONTAIN CONFIDENTIAL BUSINESS INFORMATION]",Y,"According to the notice received from Motional, including video evidence of the incident, the test vehicle was traveling in autonomous mode [REDACTED, MAY CONTAIN CONFIDENTIAL BUSINESS INFORMATION] (a two-lane road with traffic in two directions), heading toward [REDACTED, MAY CONTAIN CONFIDENTIAL BUSINESS INFORMATION]. The test vehicle braked as it began to pass the exit driveway of a parking garage that perpendicularly intersects the eastbound lane of [REDACTED, MAY CONTAIN CONFIDENTIAL BUSINESS INFORMATION].  The braking occurred upon approach of a black SUV traveling north, quickly exiting the garage driveway toward [REDACTED, MAY CONTAIN CONFIDENTIAL BUSINESS INFORMATION].  The involved SUV failed to stop at a stop sign at the garage exit.  After passing the stop sign the SUV appeared to decelerate but may not have come to a complete stop before traversing the crosswalk and entering [REDACTED, MAY CONTAIN CONFIDENTIAL BUSINESS INFORMATION]. The SUV then entered [REDACTED, MAY CONTAIN CONFIDENTIAL BUSINESS INFORMATION] and struck the rear right side of the vehicle causing damage to the panel and rear bumper of the Motional vehicle.  The Motional vehicle was towed from the scene as a precaution despite being drivable. No injuries were reported, and law enforcement was not involved.  It is Hyundai's understanding that Motional is has submitted a new report of this incident under current SGO requirements [REDACTED, MAY CONTAIN CONFIDENTIAL BUSINESS INFORMATION].  Hyundai is providing its own incident report in cooperation with SGO requirements and joint information-sharing efforts with Motional.",Y
30410-6792,1,Motional,1-Day,,,DEC-2023,KMHCBACB9H1, ,N/A,Hyundai,Ioniq 5, ,2022, ,e3e4516cdf04334,609, ,In-Vehicle (Commercial / Test),"[REDACTED, MAY CONTAIN CONFIDENTIAL BUSINESS INFORMATION]", ,Y,"[REDACTED, MAY CONTAIN CONFIDENTIAL BUSINESS INFORMATION]", ,Y,"[REDACTED, MAY CONTAIN CONFIDENTIAL BUSINESS INFORMATION]", ,Y,, ,Y,Part 591 Exemption granted by permission letter from NHTSA,, , ,Yes (specify below),Nevada,Yes,ADS,Motional, , , , ,Y, , , ,,DEC-2023, ,DEC-2023,13:24, ,670484ffbbaf0e4,[MAY CONTAIN PERSONALLY IDENTIFIABLE INFORMATION], ,[MAY CONTAIN PERSONALLY IDENTIFIABLE INFORMATION], ,[MAY CONTAIN PERSONALLY IDENTIFIABLE INFORMATION], ,Las Vegas, ,NV ,[MAY CONTAIN PERSONALLY IDENTIFIABLE INFORMATION], ,Intersection,Dry,No Unusual Conditions,15, ,Daylight,Y, , , , , , , ,,SUV,No Injuries Reported,Yes,Making Right Turn,No,No, , ,Y, , ,Y, , , , , ,Proceeding Straight,No,Yes,Yes,0, , , , , , , ,Y,Y, , , , , , , ,Y, , , ,No,, ,Yes,, ,, ,, ,"[REDACTED, MAY CONTAIN CONFIDENTIAL BUSINESS INFORMATION]",Y,"The Motional vehicle was traveling in autonomous mode [REDACTED, MAY CONTAIN CONFIDENTIAL BUSINESS INFORMATION] (a two-lane road with traffic in two directions), heading toward [REDACTED, MAY CONTAIN CONFIDENTIAL BUSINESS INFORMATION].  The Motional vehicle braked as it began to pass the exit driveway of a parking garage that perpendicularly intersects the eastbound lane of [REDACTED, MAY CONTAIN CONFIDENTIAL BUSINESS INFORMATION]. The braking occurred when the Motional vehicle perceived a black SUV traveling north, quickly exiting the garage driveway toward [REDACTED, MAY CONTAIN CONFIDENTIAL BUSINESS INFORMATION].  That SUV had not stopped at a stop sign at the garage exit.  Instead, after passing the stop sign the SUV  slowed but may not have come to a complete stop before traversing the crosswalk and entering [REDACTED, MAY CONTAIN CONFIDENTIAL BUSINESS INFORMATION].  The SUV then entered [REDACTED, MAY CONTAIN CONFIDENTIAL BUSINESS INFORMATION] and struck and damaged the rear right side panel and rear bumper of the Motional vehicle. Although driveable, the Motional vehicle was towed from the scene as a precaution.  No injuries were reported, and law enforcement was not involved.",Y
540-6468,2,"General Motors, LLC",Update,,,NOV-2023,5G21A6P05P4, ,N/A,Cruise,AV, ,2023, ,d1dc1e37d4e7591,9518, ,Remote (Commercial / Test),,Y, ,,Y, ,,Y, ,Cruise LLC, , ,,, ,Y,No,,Yes,ADS,Cruise LLC, , ,Y, ,Y, , , ,,SEP-2023, ,NOV-2023,22:36, ,3bc34604bd403d1,[MAY CONTAIN PERSONALLY IDENTIFIABLE INFORMATION], ,[MAY CONTAIN PERSONALLY IDENTIFIABLE INFORMATION], ,[MAY CONTAIN PERSONALLY IDENTIFIABLE INFORMATION], ,Austin, ,TX ,[MAY CONTAIN PERSONALLY IDENTIFIABLE INFORMATION], ,Intersection,Dry,No Unusual Conditions,30, ,Dark - Lighted,Y, , , , , , , ,,SUV,No Injuries Reported,Yes,Proceeding Straight,No,No, , , , , , , , ,Y, , ,Changing Lanes,No,No,Yes,24, , ,Y, , , , , , , , , ,Y, ,Y, ,Y,Y, , ,No,, ,Yes,, ,, ,, ,"Unknown, see Narrative", ,"On November 15, 2023, GM Cruise Holdings LLC (""Cruise"") filed an updated Incident Report (the ""Report"") under the Second Amended Standing General Order 2021-01, dated April 5, 2023 (the ""Order"") General Motors LLC (GM) manufactured the Cruise-operated motor vehicle involved in the incident summarized in the Incident Report. Because GM is also a Reporting Entity under the Order, GM is submitting a duplicate of the redacted public copy of the Report. GM has selected ""Unknown"" in the ""ADS version"" and ""ODD time"" fields solely to avoid a second submission of nonpublic Cruise CBI GM is in possession of Cruise's responses to these fields, and incorporates Cruise's responses into this submission by reference. GM's submission is based on facts supplied to GM by Cruise. GM has not investigated the alleged incident and currently believes, based on a reasonable inquiry, that it has no independent knowledge of the facts in the Report. (Reference file: 30412-6445-2)",
30412-6445,2,Cruise LLC,Update,,,NOV-2023,5G21A6P05P4, ,N/A,Cruise,AV, ,2023, ,d1dc1e37d4e7591,9518, ,Remote (Commercial / Test),"[REDACTED, MAY CONTAIN CONFIDENTIAL BUSINESS INFORMATION]", ,Y,"[REDACTED, MAY CONTAIN CONFIDENTIAL BUSINESS INFORMATION]", ,Y,"[REDACTED, MAY CONTAIN CONFIDENTIAL BUSINESS INFORMATION]", ,Y,"General Motors, LLC", , ,,, ,Y,No,,Yes,ADS,Cruise LLC, , ,Y, ,Y, , , ,,SEP-2023, ,SEP-2023,22:36, ,3bc34604bd403d1,[MAY CONTAIN PERSONALLY IDENTIFIABLE INFORMATION], ,[MAY CONTAIN PERSONALLY IDENTIFIABLE INFORMATION], ,[MAY CONTAIN PERSONALLY IDENTIFIABLE INFORMATION], ,Austin, ,TX ,[MAY CONTAIN PERSONALLY IDENTIFIABLE INFORMATION], ,Intersection,Dry,No Unusual Conditions,30, ,Dark - Lighted,Y, , , , , , , ,,SUV,No Injuries Reported,Yes,Proceeding Straight,No,No, , , , , , , , ,Y, , ,Changing Lanes,No,No,Yes,24, , ,Y, , , , , , , , , ,Y, ,Y, ,Y,Y, , ,No,, ,Yes,, ,, ,, ,"[REDACTED, MAY CONTAIN CONFIDENTIAL BUSINESS INFORMATION]",Y,"There are updates related to this incident since the original submission (30412-6445-1) on October 12, 2023. A Cruise autonomous vehicle (""AV""), operating in driverless autonomous mode, was traveling eastbound on [XXX] in the third lane from the left between [XXX] and [XXX]. As the AV approached the intersection with [XXX], the AV began changing lanes into the left adjacent lane of travel and, shortly thereafter, made contact with a black Cadillac Escalade traveling behind and to the left of the AV in the adjacent lane. This caused damage to the AV's front and rear driver side doors. The parties exchanged information and there were no reported injuries. [REDACTED, MAY CONTAIN CONFIDENTIAL BUSINESS INFORMATION]",Y
540-6468,1,"General Motors, LLC",Monthly,9,2023,OCT-2023,5G21A6P05P4, ,N/A,Cruise,AV, ,2023, ,d1dc1e37d4e7591,9518, ,Remote (Commercial / Test),,Y, ,,Y, ,,Y, ,Cruise LLC, , ,,, ,Y,No,,Yes,ADS,Cruise LLC, , ,Y, ,Y, , , ,,SEP-2023, ,OCT-2023,22:36, ,3bc34604bd403d1,[MAY CONTAIN PERSONALLY IDENTIFIABLE INFORMATION], ,[MAY CONTAIN PERSONALLY IDENTIFIABLE INFORMATION], ,[MAY CONTAIN PERSONALLY IDENTIFIABLE INFORMATION], ,Austin, ,TX ,[MAY CONTAIN PERSONALLY IDENTIFIABLE INFORMATION], ,Intersection,Dry,No Unusual Conditions,30, ,Dark - Lighted,Y, , , , , , , ,,SUV,No Injuries Reported,Yes,Proceeding Straight,No,No, , , , , , , , ,Y, , ,Changing Lanes,No,No,Yes,24, , ,Y, , , , , , , , , ,Y, ,Y, ,Y,Y, , ,Yes,Austin Police Department, ,Yes,,Y,,Y,,Y,"Unknown, see Narrative", ,"On October, 12, 2023, GM Cruise Holdings LLC (""Cruise"") filed an Incident Report (the ""Report"") under the Second Amended Standing General Order 2021-01, dated April 5, 2023 (the ""Order"") General Motors LLC (GM) manufactured the Cruise-operated motor vehicle involved in the incident summarized in the Incident Report. Because GM is also a Reporting Entity under the Order, GM is submitting a duplicate of the redacted public copy of the Report. GM has selected ""Unknown"" in the ""ADS version"" and ""ODD time"" fields solely to avoid a second submission of nonpublic Cruise CBI GM is in possession of Cruise's responses to these fields, and incorporates Cruise's responses into this submission by reference. GM's submission is based on facts supplied to GM by Cruise. GM has not investigated the alleged incident and currently believes, based on a reasonable inquiry, that it has no independent knowledge of the facts in the Report. (Reference file: 30412-6445-1)",
540-6467,1,"General Motors, LLC",Monthly,9,2023,OCT-2023,5G21A6P00P4, ,N/A,Cruise,AV, ,2023, ,8d76c27e317dd45,11107, ,Remote (Commercial / Test),,Y, ,,Y, ,,Y, ,Cruise LLC, , ,,, ,Y,No,,Yes,ADS,Cruise LLC, , ,Y, ,Y, , , ,,SEP-2023, ,OCT-2023,23:44, ,a41db12eb07f4d9,[MAY CONTAIN PERSONALLY IDENTIFIABLE INFORMATION], ,[MAY CONTAIN PERSONALLY IDENTIFIABLE INFORMATION], ,[MAY CONTAIN PERSONALLY IDENTIFIABLE INFORMATION], ,Austin, ,TX ,[MAY CONTAIN PERSONALLY IDENTIFIABLE INFORMATION], ,Intersection,Dry,No Unusual Conditions,30, ,Dark - Lighted,Y, , , , , , , ,,SUV,No Injuries Reported,Yes,Proceeding Straight,No,No, , , , , , , , ,Y, , ,Changing Lanes,No,No,No Passengers in Vehicle,25, ,Y, , , , , , , , , , ,Y, ,Y, ,Y,Y, , ,No,, ,Yes,, ,, ,, ,"Unknown, see Narrative", ,"On October 12, 2023, GM Cruise Holdings LLC (""Cruise"") filed an Incident Report (the ""Report"") under the Second Amended Standing General Order 2021-01, dated April 5, 2023 (the ""Order"") General Motors LLC (GM) manufactured the Cruise-operated motor vehicle involved in the incident summarized in the Incident Report. Because GM is also a Reporting Entity under the Order, GM is submitting a duplicate of the redacted public copy of the Report. GM has selected ""Unknown"" in the ""ADS version"" and ""ODD time"" fields solely to avoid a second submission of nonpublic Cruise CBI GM is in possession of Cruise's responses to these fields, and incorporates Cruise's responses into this submission by reference. GM's submission is based on facts supplied to GM by Cruise. GM has not investigated the alleged incident and currently believes, based on a reasonable inquiry, that it has no independent knowledge of the facts in the Report. (Reference file: 30412-6444-1).",
30412-6445,1,Cruise LLC,Monthly,9,2023,OCT-2023,5G21A6P05P4, ,N/A,Cruise,AV, ,2023, ,d1dc1e37d4e7591,9518, ,Remote (Commercial / Test),"[REDACTED, MAY CONTAIN CONFIDENTIAL BUSINESS INFORMATION]", ,Y,"[REDACTED, MAY CONTAIN CONFIDENTIAL BUSINESS INFORMATION]", ,Y,"[REDACTED, MAY CONTAIN CONFIDENTIAL BUSINESS INFORMATION]", ,Y,"General Motors, LLC", , ,,, ,Y,No,,Yes,ADS,Cruise LLC, , ,Y, ,Y, , , ,,SEP-2023, ,SEP-2023,22:36, ,3bc34604bd403d1,[MAY CONTAIN PERSONALLY IDENTIFIABLE INFORMATION], ,[MAY CONTAIN PERSONALLY IDENTIFIABLE INFORMATION], ,[MAY CONTAIN PERSONALLY IDENTIFIABLE INFORMATION], ,Austin, ,TX ,[MAY CONTAIN PERSONALLY IDENTIFIABLE INFORMATION], ,Intersection,Dry,No Unusual Conditions,30, ,Dark - Lighted,Y, , , , , , , ,,SUV,No Injuries Reported,Yes,Proceeding Straight,No,No, , , , , , , , ,Y, , ,Changing Lanes,No,No,Yes,24, , ,Y, , , , , , , , , ,Y, ,Y, ,Y,Y, , ,Yes,Austin Police Department, ,Yes,,Y,,Y,,Y,"[REDACTED, MAY CONTAIN CONFIDENTIAL BUSINESS INFORMATION]",Y,"A Cruise autonomous vehicle (""AV""), operating in driverless autonomous mode, was traveling eastbound on [XXX] in the third lane from the left between [XXX] and [XXX]. As the AV approached the intersection with [XXX], the AV began changing lanes into the left adjacent lane of travel and, shortly thereafter, made contact with a black Cadillac Escalade traveling behind and to the left of the AV in the adjacent lane. This caused damage to the AV's front and rear driver side doors. The parties exchanged information and there were no reported injuries. [REDACTED, MAY CONTAIN CONFIDENTIAL BUSINESS INFORMATION]",Y
30412-6444,1,Cruise LLC,Monthly,9,2023,OCT-2023,5G21A6P00P4, ,N/A,Cruise,AV, ,2023, ,8d76c27e317dd45,11107, ,Remote (Commercial / Test),"[REDACTED, MAY CONTAIN CONFIDENTIAL BUSINESS INFORMATION]", ,Y,"[REDACTED, MAY CONTAIN CONFIDENTIAL BUSINESS INFORMATION]", ,Y,"[REDACTED, MAY CONTAIN CONFIDENTIAL BUSINESS INFORMATION]", ,Y,"General Motors, LLC", , ,,, ,Y,No,,Yes,ADS,Cruise LLC, , ,Y, ,Y, , , ,,SEP-2023, ,SEP-2023,23:44, ,a41db12eb07f4d9,[MAY CONTAIN PERSONALLY IDENTIFIABLE INFORMATION], ,[MAY CONTAIN PERSONALLY IDENTIFIABLE INFORMATION], ,[MAY CONTAIN PERSONALLY IDENTIFIABLE INFORMATION], ,Austin, ,TX ,[MAY CONTAIN PERSONALLY IDENTIFIABLE INFORMATION], ,Intersection,Dry,No Unusual Conditions,30, ,Dark - Lighted,Y, , , , , , , ,,SUV,No Injuries Reported,Yes,Proceeding Straight,No,No, , , , , , , , ,Y, , ,Changing Lanes,No,No,No Passengers in Vehicle,25, ,Y, , , , , , , , , , ,Y, ,Y, ,Y,Y, , ,No,, ,Yes,, ,, ,, ,"[REDACTED, MAY CONTAIN CONFIDENTIAL BUSINESS INFORMATION]",Y,"A Cruise autonomous vehicle (""AV""), operating in driverless autonomous mode, was traveling eastbound on [XXX] in the third lane from the left between [XXX] and [XXX]. As the AV approached the intersection with [XXX], the AV began changing lanes into the left adjacent lane of travel and, shortly thereafter, made contact with a black Lincoln Navigator traveling behind and to the left of the AV in the adjacent lane. This caused no damage to the AV. There were no reported injuries and the driver of the Lincoln Navigator later reported damages. [REDACTED, MAY CONTAIN CONFIDENTIAL BUSINESS INFORMATION]",Y
540-6393,1,"General Motors, LLC",5-Day,,,OCT-2023,5G21A6P09P4, ,N/A,Cruise,AV, ,2023, ,16abfee0c78f678,11234, ,Remote (Commercial / Test),,Y, ,,Y, ,,Y, ,Cruise LLC, , ,,, ,Y,No,,Yes,ADS,Cruise LLC, , ,Y, ,Y, , , ,,SEP-2023, ,OCT-2023,09:20, ,5b891004a3bea04,[MAY CONTAIN PERSONALLY IDENTIFIABLE INFORMATION], ,[MAY CONTAIN PERSONALLY IDENTIFIABLE INFORMATION], ,[MAY CONTAIN PERSONALLY IDENTIFIABLE INFORMATION], ,Houston, ,TX ,[MAY CONTAIN PERSONALLY IDENTIFIABLE INFORMATION], ,Intersection,Dry,No Unusual Conditions,25, ,Daylight,Y, , , , , , , ,,SUV,No Injuries Reported,Yes,Proceeding Straight,No,No, , ,Y, , ,Y, , , , , ,Proceeding Straight,No,Yes,Yes,8, , , , , , , , ,Y,Y, , ,Y, ,Y, ,Y,Y, , ,Yes,Houston Police Department, ,Yes,[MAY CONTAIN PERSONALLY IDENTIFIABLE INFORMATION], ,,Y,,Y,"Unknown, see Narrative", ,"On October 2, 2023, GM Cruise Holdings LLC (""Cruise"") filed an Incident Report (the ""Report"") under the Second Amended Standing General Order 2021-01, dated April 5, 2023 (the ""Order"") General Motors LLC (GM) manufactured the Cruise-operated motor vehicle involved in the incident summarized in the Incident Report. Because GM is also a Reporting Entity under the Order, GM is submitting a duplicate of the redacted public copy of the Report. GM has selected ""Unknown"" in the ""ADS version"" and ""ODD time"" fields solely to avoid a second submission of nonpublic Cruise CBI GM is in possession of Cruise's responses to these fields, and incorporates Cruise's responses into this submission by reference. GM's submission is based on facts supplied to GM by Cruise. GM has not investigated the alleged incident and currently believes, based on a reasonable inquiry, that it has no independent knowledge of the facts in the Report. (Reference file: 30412-6384-1).",
30412-6384,1,Cruise LLC,5-Day,,,OCT-2023,5G21A6P09P4, ,N/A,Cruise,AV, ,2023, ,16abfee0c78f678,11234, ,Remote (Commercial / Test),"[REDACTED, MAY CONTAIN CONFIDENTIAL BUSINESS INFORMATION]", ,Y,"[REDACTED, MAY CONTAIN CONFIDENTIAL BUSINESS INFORMATION]", ,Y,"[REDACTED, MAY CONTAIN CONFIDENTIAL BUSINESS INFORMATION]", ,Y,"General Motors, LLC", , ,,, ,Y,No,,Yes,ADS,Cruise LLC, , ,Y, ,Y, , , ,,SEP-2023, ,SEP-2023,09:20, ,5b891004a3bea04,[MAY CONTAIN PERSONALLY IDENTIFIABLE INFORMATION], ,[MAY CONTAIN PERSONALLY IDENTIFIABLE INFORMATION], ,[MAY CONTAIN PERSONALLY IDENTIFIABLE INFORMATION], ,Houston, ,TX ,[MAY CONTAIN PERSONALLY IDENTIFIABLE INFORMATION], ,Intersection,Dry,No Unusual Conditions,25, ,Daylight,Y, , , , , , , ,,SUV,No Injuries Reported,Yes,Proceeding Straight,No,No, , ,Y, , ,Y, , , , , ,Proceeding Straight,No,Yes,Yes,8, , , , , , , , ,Y,Y, , ,Y, ,Y, ,Y,Y, , ,Yes,Houston Police Department, ,Yes,[MAY CONTAIN PERSONALLY IDENTIFIABLE INFORMATION], ,,Y,,Y,"[REDACTED, MAY CONTAIN CONFIDENTIAL BUSINESS INFORMATION]",Y,"A Cruise autonomous vehicle (""AV""), operating in driverless autonomous mode, was traveling westbound on [XXX] between [XXX] and [XXX]. As the AV was passing through the intersection with [XXX], a black Mercedes-Benz GLC-Class traveling southbound on [XXX] in the wrong direction of traffic failed to stop, entered the intersection, and made contact with the AV. This caused damage to the AV's front passenger side bumper fascia, front passenger side door and front passenger side wheel opening molding and wheel. Police were called to the scene. The parties exchanged information. There were no reported injuries and the AV was towed from the scene. [REDACTED, MAY CONTAIN CONFIDENTIAL BUSINESS INFORMATION]",Y
540-6372,1,"General Motors, LLC",5-Day,,,SEP-2023,5G21A6P09P4, ,N/A,Cruise,AV, ,2023, ,7f1dc8a1ad3ab8d,78839, ,Remote (Commercial / Test),,Y, ,,Y, ,,Y, ,Cruise LLC, , ,,, ,Y,No,,Yes,ADS,Cruise LLC, , ,Y, ,Y, , , ,,SEP-2023, ,SEP-2023,20:14, ,869da998fba268c,[MAY CONTAIN PERSONALLY IDENTIFIABLE INFORMATION], ,[MAY CONTAIN PERSONALLY IDENTIFIABLE INFORMATION], ,[MAY CONTAIN PERSONALLY IDENTIFIABLE INFORMATION], ,Houston, ,TX ,[MAY CONTAIN PERSONALLY IDENTIFIABLE INFORMATION], ,Intersection,Dry,No Unusual Conditions,30, ,Dark - Lighted,Y, , , , , , , ,,SUV,No Injuries Reported,Yes,Proceeding Straight,No,No, , , , , , , , ,Y, , ,Proceeding Straight,No,Yes,No Passengers in Vehicle,16, , , ,Y, , , , , , , , ,Y, ,Y, ,Y,Y, , ,Yes,Houston Police Department, ,Yes,[MAY CONTAIN PERSONALLY IDENTIFIABLE INFORMATION], ,,Y,,Y,"Unknown, see Narrative", ,"On September 28, 2023, GM Cruise Holdings LLC (""Cruise"") filed an Incident Report (the ""Report"") under the Second Amended Standing General Order 2021-01, dated April 5, 2023 (the ""Order"") General Motors LLC (GM) manufactured the Cruise-operated motor vehicle involved in the incident summarized in the Incident Report. Because GM is also a Reporting Entity under the Order, GM is submitting a duplicate of the redacted public copy of the Report. GM has selected ""Unknown"" in the ""ADS version"" and ""ODD time"" fields solely to avoid a second submission of nonpublic Cruise CBI GM is in possession of Cruise's responses to these fields, and incorporates Cruise's responses into this submission by reference. GM's submission is based on facts supplied to GM by Cruise. GM has not investigated the alleged incident and currently believes, based on a reasonable inquiry, that it has no independent knowledge of the facts in the Report. (Reference file: 30412-6371-1)",
30412-6371,1,Cruise LLC,5-Day,,,SEP-2023,5G21A6P09P4, ,N/A,Cruise,AV, ,2023, ,7f1dc8a1ad3ab8d,78839, ,Remote (Commercial / Test),"[REDACTED, MAY CONTAIN CONFIDENTIAL BUSINESS INFORMATION]", ,Y,"[REDACTED, MAY CONTAIN CONFIDENTIAL BUSINESS INFORMATION]", ,Y,"[REDACTED, MAY CONTAIN CONFIDENTIAL BUSINESS INFORMATION]", ,Y,"General Motors, LLC", , ,,, ,Y,No,,Yes,ADS,Cruise LLC, , ,Y, ,Y, , , ,,SEP-2023, ,SEP-2023,20:14, ,869da998fba268c,[MAY CONTAIN PERSONALLY IDENTIFIABLE INFORMATION], ,[MAY CONTAIN PERSONALLY IDENTIFIABLE INFORMATION], ,[MAY CONTAIN PERSONALLY IDENTIFIABLE INFORMATION], ,Houston, ,TX ,[MAY CONTAIN PERSONALLY IDENTIFIABLE INFORMATION], ,Intersection,Dry,No Unusual Conditions,30, ,Dark - Lighted,Y, , , , , , , ,,SUV,No Injuries Reported,Yes,Proceeding Straight,No,No, , , , , , , , ,Y, , ,Proceeding Straight,No,Yes,No Passengers in Vehicle,16, , , ,Y, , , , , , , , ,Y, ,Y, ,Y,Y, , ,Yes,Houston Police Department, ,Yes,[MAY CONTAIN PERSONALLY IDENTIFIABLE INFORMATION], ,,Y,,Y,"[REDACTED, MAY CONTAIN CONFIDENTIAL BUSINESS INFORMATION]",Y,"A Cruise autonomous vehicle (""AV""), operating in driverless autonomous mode, was traveling southbound on [XXX] between [XXX] and [XXX]. As the AV was passing through the intersection with [XXX] on a green light, a dark gray Alfa Romeo Stelvio traveling westbound on [XXX] failed to stop for the red light, entered the intersection, and made contact with the AV. This caused damage to the AV's front driver side bumper fascia, front driver side quarter panel, front driver side headlamp assembly and front driver side wheel opening molding and wheel. The parties exchanged information. There were no reported injuries and the AV was towed. [REDACTED, MAY CONTAIN CONFIDENTIAL BUSINESS INFORMATION]",Y