Report ID,Report Version,Reporting Entity,Report Type,Report Month,Report Year,Report Submission Date,VIN,VIN - Unknown,Serial Number,Make,Model,Model - Unknown,Model Year,Model Year - Unknown,Same Vehicle ID,Mileage,Mileage - Unknown,Driver / Operator Type,ADAS/ADS System Version,ADAS/ADS System Version - Unk,ADAS/ADS System Version CBI,ADAS/ADS Hardware Version,ADAS/ADS Hardware Version - Unk,ADAS/ADS Hardware Version CBI,ADAS/ADS Software Version,ADAS/ADS Software Version - Unk,ADAS/ADS Software Version CBI,Other Reporting Entities?,Other Reporting Entities? - Unk,Other Reporting Entities? - NA,Federal Regulatory Exemption?,Other Federal Reg. Exemption,Federal Reg. Exemption - Unk,Federal Reg. Exemption - No,State or Local Permit?,State or Local Permit,ADS Equipped?,Automation System Engaged?,Operating Entity,Operating Entity - Unknown,Source - Complaint/Claim,Source - Telematics,Source - Law Enforcement,Source - Field Report,Source - Testing,Source - Media,Source - Other,Source - Other Text,Incident Date,Incident Date - Unknown,Notice Received Date,Incident Time (24:00),Incident Time - Unknown,Same Incident ID,Latitude,Latitude - Unknown,Longitude,Longitude - Unknown,Address,Address - Unknown,City,City - Unknown,State,Zip Code,Zip Code - Unknown,Roadway Type,Roadway Surface,Roadway Description,Posted Speed Limit (MPH),Posted Speed Limit - Unknown,Lighting,Weather - Clear,Weather - Snow,Weather - Cloudy,Weather - Fog/Smoke,Weather - Rain,Weather - Severe Wind,Weather - Unknown,Weather - Other,Weather - Other Text,Crash With,Highest Injury Severity Alleged,Property Damage?,CP Pre-Crash Movement,CP Any Air Bags Deployed?,CP Was Vehicle Towed?,CP Contact Area - Rear Left,CP Contact Area - Left,CP Contact Area - Front Left,CP Contact Area - Rear,CP Contact Area - Top,CP Contact Area - Front,CP Contact Area - Rear Right,CP Contact Area - Right,CP Contact Area - Front Right,CP Contact Area - Bottom,CP Contact Area - Unknown,SV Pre-Crash Movement,SV Any Air Bags Deployed?,SV Was Vehicle Towed?,SV Were All Passengers Belted?,SV Precrash Speed (MPH),SV Pre-crash Speed - Unknown,SV Contact Area - Rear Left,SV Contact Area - Left,SV Contact Area - Front Left,SV Contact Area - Rear,SV Contact Area - Top,SV Contact Area - Front,SV Contact Area - Rear Right,SV Contact Area - Right,SV Contact Area - Front Right,SV Contact Area - Bottom,SV Contact Area - Unknown,Data Availability - EDR,Data Availability - Police Rpt,Data Availability - Telematics,Data Availability - Complaints,Data Availability - Video,Data Availability - Other,Data Availability - No Data,Data Availability - Unknown,Law Enforcement Investigating?,Investigating Agency,Investigating Agency - Unknown,Rep Ent Or Mfr Investigating?,Investigating Officer Name,Inv. Officer Name - Unknown,Investigating Officer Phone,Inv. Officer Phone - Unknown,Investigating Officer Email,Inv. Officer Email - Unknown,Within ODD?,Within ODD? - CBI,Narrative,Narrative - CBI?
30414-3650,2,Easymile Inc.,Update,,,AUG-2022,VJRD1A10230, ,[MAY CONTAIN PERSONALLY IDENTIFIABLE INFORMATION],Ligier,EZ10 Gen 3, ,2019, ,da2b2192cb706f3,5357, ,In-Vehicle (Commercial / Test),Voyager 11 (21.02.4), , ,, , ,, , ,, , ,,, , ,,,Yes,ADS,"First Transit, Inc.", , , ,Y, ,Y, , ,,AUG-2022, ,AUG-2022,16:23, ,1ddae575afe5d5a,[MAY CONTAIN PERSONALLY IDENTIFIABLE INFORMATION], ,[MAY CONTAIN PERSONALLY IDENTIFIABLE INFORMATION], ,[MAY CONTAIN PERSONALLY IDENTIFIABLE INFORMATION], ,Rochester, ,MN ,[MAY CONTAIN PERSONALLY IDENTIFIABLE INFORMATION], ,Intersection,Dry,No Unusual Conditions,25, ,Daylight,Y, , , , , , , ,,SUV,No Injuries Reported,Yes,Passing,No,No, , , , , , , , ,Y, , ,Proceeding Straight,No,No,Yes,0, ,Y, , , , , , , , , , , ,Y, , ,Y,Y, , ,Yes,Rochester PD, ,Yes,[MAY CONTAIN PERSONALLY IDENTIFIABLE INFORMATION], ,,Y,,Y,Yes, ,"1- Day Report done in Error,  Please delete this report",
502-3416,1,Ford Motor Company,Monthly,6,2022,JUL-2022,1FMCU0DZ2LU, ,N/A,Ford,Escape, ,2020, ,6e5207a28036baf,1949, ,In-Vehicle (Commercial / Test),"[REDACTED, MAY CONTAIN CONFIDENTIAL BUSINESS INFORMATION]", ,Y,, , ,, , ,, , ,,, , ,,,Yes,ADS,Argo AI, , , , ,Y,Y, , ,,JUN-2022, ,JUN-2022,13:30, ,80fa8ac15954395,[MAY CONTAIN PERSONALLY IDENTIFIABLE INFORMATION], ,[MAY CONTAIN PERSONALLY IDENTIFIABLE INFORMATION], ,[MAY CONTAIN PERSONALLY IDENTIFIABLE INFORMATION], ,Pittsburgh, ,PA ,[MAY CONTAIN PERSONALLY IDENTIFIABLE INFORMATION], ,Intersection,Dry,No Unusual Conditions,25, ,Daylight,Y, , , , , , , ,,SUV,No Injuries Reported,Yes,Backing,No,No, , , ,Y, , , , , , , ,Stopped,No,No,Yes,0, , , , , , ,Y, , , , , , , , , ,Y,Y, , ,No,, ,Yes,, ,, ,, ,"[REDACTED, MAY CONTAIN CONFIDENTIAL BUSINESS INFORMATION]",Y,"As reported by Argo AI to Ford on July [XXX], 2022 (Report # 30290-3347-1), An Argo AI Autonomous Vehicle (""Argo AV"") was impacted in the front while traveling east on [REDACTED, MAY CONTAIN CONFIDENTIAL BUSINESS INFORMATION]. The Argo AV came to a complete stop at the red traffic light. While the traffic light remained red, the vehicle directly in front of the Argo AV, stopped for the same traffic light, rolled backwards (no reverse lights were illuminated), failed to stop, and contacted the Argo's front bumper, then fled the scene when the traffic light turned green. The safety driver disengaged the ADS and honked the horn multiple times prior to the impact. [REDACTED, MAY CONTAIN CONFIDENTIAL BUSINESS INFORMATION] ""Other"" data availability: test vehicle data.",Y
30290-3347,1,Argo AI,Monthly,6,2022,JUL-2022,1FMCU0DZ2LU, ,N/A,Ford,Escape, ,2020, ,6e5207a28036baf,1949, ,In-Vehicle (Commercial / Test),"[REDACTED, MAY CONTAIN CONFIDENTIAL BUSINESS INFORMATION]", ,Y,, , ,, , ,, , ,,, , ,,,Yes,ADS,Argo AI, , , , ,Y,Y, , ,,JUN-2022, ,JUN-2022,13:30, ,80fa8ac15954395,[MAY CONTAIN PERSONALLY IDENTIFIABLE INFORMATION], ,[MAY CONTAIN PERSONALLY IDENTIFIABLE INFORMATION], ,[MAY CONTAIN PERSONALLY IDENTIFIABLE INFORMATION], ,Pittsburgh, ,PA ,[MAY CONTAIN PERSONALLY IDENTIFIABLE INFORMATION], ,Intersection,Dry,No Unusual Conditions,25, ,Daylight,Y, , , , , , , ,,SUV,No Injuries Reported,Yes,Backing,No,No, , , ,Y, , , , , , , ,Stopped,No,No,Yes,0, , , , , , ,Y, , , , , , , , , ,Y,Y, , ,No,, ,Yes,, ,, ,, ,"[REDACTED, MAY CONTAIN CONFIDENTIAL BUSINESS INFORMATION]",Y,"An Argo AI Autonomous Vehicle (""Argo AV"") was impacted in the front while traveling east on [REDACTED, MAY CONTAIN CONFIDENTIAL BUSINESS INFORMATION]. The Argo AV came to a complete stop at the red traffic light. While the traffic light remained red, the vehicle directly in front of the Argo AV, stopped for the same traffic light, rolled backwards (no reverse lights were illuminated), failed to stop, and contacted the Argo's front bumper, then fled the scene when the traffic light turned green. The safety driver disengaged the ADS and honked the horn multiple times prior to the impact. [REDACTED, MAY CONTAIN CONFIDENTIAL BUSINESS INFORMATION] 
""Other"" data availability: test vehicle data.",Y
30270-2774,1,Waymo LLC,Monthly,3,2022,APR-2022,SADHW2S17M1, ,N/A,Jaguar,I-Pace, ,2021, ,0c7d2b6074c7190,18510, ,In-Vehicle (Commercial / Test),5th Generation ADS, , ,, , ,, , ,, , ,,, , ,,,Yes,ADS,Waymo LLC, , ,Y, , , , , ,,MAR-2022, ,MAR-2022,18:14, ,57cf0d88fbb5190,[MAY CONTAIN PERSONALLY IDENTIFIABLE INFORMATION], ,[MAY CONTAIN PERSONALLY IDENTIFIABLE INFORMATION], ,[MAY CONTAIN PERSONALLY IDENTIFIABLE INFORMATION], ,Phoenix, ,AZ ,[MAY CONTAIN PERSONALLY IDENTIFIABLE INFORMATION], ,Intersection,Dry,No Unusual Conditions,35, ,Dark - Lighted,Y, , , , , , , ,,SUV,No Injuries Reported,Yes,Proceeding Straight,No,No, , ,Y, , ,Y, , ,Y, , ,Stopped,No,No,Yes,0, ,Y, , ,Y, , ,Y, , , , , , ,Y, ,Y,Y, , ,No,, ,Yes,, ,, ,, ,Yes, ,"On March [XXX], 2022 at 6:14 PM PST a Waymo Autonomous Vehicle ('Waymo AV') operating in Phoenix, AZ was in a collision involving an SUV on [XXX] at [XXX].
The Waymo AV was in autonomous mode on southbound [XXX] and stopped at a red light to make an unprotected left onto eastbound [XXX]. When the traffic light turned green, the Waymo AV slowly proceeded into the intersection and stopped to yield to oncoming traffic. The Waymo AV test driver transitioned to manual mode just before an SUV made contact with the rear of the Waymo AV. At the time of the impact, the Waymo AV's Level 4 ADS was not engaged and a test driver was operating the Waymo AV in manual mode. Both vehicles sustained minor damage.
Waymo is reporting this crash under Request No. 2 of Standing General Order 2021-01. Waymo may supplement or correct its reporting with additional information as it may become available. This report was submitted from the Pacific time zone on the required date.",
502-2479,2,Ford Motor Company,10-Day Update,,,MAR-2022,1FMCU0DZ5LU, ,N/A,Ford,Escape, ,2020, ,1a89dae466c3bdd,2562, ,In-Vehicle (Commercial / Test),"[REDACTED, MAY CONTAIN CONFIDENTIAL BUSINESS INFORMATION]", ,Y,, , ,, , ,, , ,,, , ,,,Yes,ADS,Argo AI, , , , ,Y,Y, , ,,MAR-2022, ,MAR-2022,12:39, ,1d63fe48b844c16,[MAY CONTAIN PERSONALLY IDENTIFIABLE INFORMATION], ,[MAY CONTAIN PERSONALLY IDENTIFIABLE INFORMATION], ,[MAY CONTAIN PERSONALLY IDENTIFIABLE INFORMATION], ,Coral Gables, ,FL ,[MAY CONTAIN PERSONALLY IDENTIFIABLE INFORMATION], ,Traffic Circle,Dry,No Unusual Conditions,30, ,Daylight,Y, , , , , , , ,,SUV,Moderate,Yes,Proceeding Straight,No,No, , , , , ,Y, , , , , ,Stopped,No,No,Yes,0, , , , ,Y, , , , , , , , ,Y, , ,Y,Y, , ,Yes,Coral Gables Police Department, ,Yes,[MAY CONTAIN PERSONALLY IDENTIFIABLE INFORMATION], ,,Y,,Y,"[REDACTED, MAY CONTAIN CONFIDENTIAL BUSINESS INFORMATION]",Y,"[REDACTED, MAY CONTAIN CONFIDENTIAL BUSINESS INFORMATION]",Y
30290-2481,2,Argo AI,10-Day Update,,,MAR-2022,1FMCU0DZ5LU, ,N/A,Ford,Escape, ,2020, ,1a89dae466c3bdd,2562, ,In-Vehicle (Commercial / Test),"[REDACTED, MAY CONTAIN CONFIDENTIAL BUSINESS INFORMATION]", ,Y,, , ,, , ,, , ,,, , ,,,Yes,ADS,Argo AI, , , , ,Y,Y, , ,,MAR-2022, ,MAR-2022,12:39, ,1d63fe48b844c16,[MAY CONTAIN PERSONALLY IDENTIFIABLE INFORMATION], ,[MAY CONTAIN PERSONALLY IDENTIFIABLE INFORMATION], ,[MAY CONTAIN PERSONALLY IDENTIFIABLE INFORMATION], ,Coral Gables, ,FL ,[MAY CONTAIN PERSONALLY IDENTIFIABLE INFORMATION], ,Traffic Circle,Dry,No Unusual Conditions,30, ,Daylight,Y, , , , , , , ,,SUV,Moderate,Yes,Proceeding Straight,No,No, , , , , ,Y, , , , , ,Stopped,No,No,Yes,0, , , , ,Y, , , , , , , , ,Y, , ,Y,Y, , ,Yes,Coral Gables Police Department, ,Yes,[MAY CONTAIN PERSONALLY IDENTIFIABLE INFORMATION], ,,Y,,Y,"[REDACTED, MAY CONTAIN CONFIDENTIAL BUSINESS INFORMATION]",Y,"[REDACTED, MAY CONTAIN CONFIDENTIAL BUSINESS INFORMATION]",Y
502-2479,1,Ford Motor Company,1-Day,,,MAR-2022,1FMCU0DZ5LU, ,N/A,Ford,Escape, ,2020, ,1a89dae466c3bdd,2562, ,In-Vehicle (Commercial / Test),"[REDACTED, MAY CONTAIN CONFIDENTIAL BUSINESS INFORMATION]", ,Y,, , ,, , ,, , ,,, , ,,,Yes,ADS,Argo AI, , , , ,Y,Y, , ,,MAR-2022, ,MAR-2022,12:39, ,1d63fe48b844c16,[MAY CONTAIN PERSONALLY IDENTIFIABLE INFORMATION], ,[MAY CONTAIN PERSONALLY IDENTIFIABLE INFORMATION], ,[MAY CONTAIN PERSONALLY IDENTIFIABLE INFORMATION], ,Coral Gables, ,FL ,[MAY CONTAIN PERSONALLY IDENTIFIABLE INFORMATION], ,Traffic Circle,Dry,No Unusual Conditions,30, ,Daylight,Y, , , , , , , ,,SUV,Moderate,Yes,Proceeding Straight,No,No, , , , , ,Y, , , , , ,Stopped,No,No,Yes,0, , , , ,Y, , , , , , , , ,Y, , ,Y,Y, , ,Yes,Coral Gables Police Department, ,Yes,[MAY CONTAIN PERSONALLY IDENTIFIABLE INFORMATION], ,,Y,,Y,"[REDACTED, MAY CONTAIN CONFIDENTIAL BUSINESS INFORMATION]",Y,"[REDACTED, MAY CONTAIN CONFIDENTIAL BUSINESS INFORMATION]",Y
30290-2481,1,Argo AI,1-Day,,,MAR-2022,1FMCU0DZ5LU, ,N/A,Ford,Escape, ,2020, ,1a89dae466c3bdd,2562, ,In-Vehicle (Commercial / Test),"[REDACTED, MAY CONTAIN CONFIDENTIAL BUSINESS INFORMATION]", ,Y,, , ,, , ,, , ,,, , ,,,Yes,ADS,Argo AI, , , , ,Y,Y, , ,,MAR-2022, ,MAR-2022,12:39, ,1d63fe48b844c16,[MAY CONTAIN PERSONALLY IDENTIFIABLE INFORMATION], ,[MAY CONTAIN PERSONALLY IDENTIFIABLE INFORMATION], ,[MAY CONTAIN PERSONALLY IDENTIFIABLE INFORMATION], ,Coral Gables, ,FL ,[MAY CONTAIN PERSONALLY IDENTIFIABLE INFORMATION], ,Traffic Circle,Dry,No Unusual Conditions,30, ,Daylight,Y, , , , , , , ,,SUV,Moderate,Yes,Proceeding Straight,No,No, , , , , ,Y, , , , , ,Stopped,No,No,Yes,0, , , , ,Y, , , , , , , , ,Y, , ,Y,Y, , ,Yes,Coral Gables Police Department, ,Yes,[MAY CONTAIN PERSONALLY IDENTIFIABLE INFORMATION], ,,Y,,Y,"[REDACTED, MAY CONTAIN CONFIDENTIAL BUSINESS INFORMATION]",Y,"[REDACTED, MAY CONTAIN CONFIDENTIAL BUSINESS INFORMATION]",Y
502-2178,2,Ford Motor Company,10-Day Update,,,FEB-2022,1FMCU0DZ5LU, ,N/A,Ford,Escape, ,2020, ,1a89dae466c3bdd,1278, ,In-Vehicle (Commercial / Test),"[REDACTED, MAY CONTAIN CONFIDENTIAL BUSINESS INFORMATION]", ,Y,, , ,, , ,, , ,,, , ,,,Yes,ADS,Argo AI, , , , ,Y,Y, , ,,JAN-2022, ,JAN-2022,12:22, ,0731be2bcb8ffde,[MAY CONTAIN PERSONALLY IDENTIFIABLE INFORMATION], ,[MAY CONTAIN PERSONALLY IDENTIFIABLE INFORMATION], ,[MAY CONTAIN PERSONALLY IDENTIFIABLE INFORMATION], ,Miami, ,FL ,[MAY CONTAIN PERSONALLY IDENTIFIABLE INFORMATION], ,Street,Dry,No Unusual Conditions,30, ,Daylight,Y, , , , , , , ,,SUV,Minor,Yes,Making Right Turn,No,No, , , , , ,Y, , , , , ,Making Right Turn,No,Yes,Yes,0, , , , ,Y, , , , , , , , ,Y, , ,Y,Y, , ,Yes,Miami Police Department, ,Yes,[MAY CONTAIN PERSONALLY IDENTIFIABLE INFORMATION], ,,Y,,Y,"[REDACTED, MAY CONTAIN CONFIDENTIAL BUSINESS INFORMATION]",Y,"[REDACTED, MAY CONTAIN CONFIDENTIAL BUSINESS INFORMATION]",Y
30290-2180,2,Argo AI,10-Day Update,,,FEB-2022,1FMCU0DZ5LU, ,N/A,Ford,Escape, ,2020, ,1a89dae466c3bdd,1278, ,In-Vehicle (Commercial / Test),"[REDACTED, MAY CONTAIN CONFIDENTIAL BUSINESS INFORMATION]", ,Y,, , ,, , ,, , ,,, , ,,,Yes,ADS,Argo AI, , , , ,Y,Y, , ,,JAN-2022, ,JAN-2022,12:22, ,0731be2bcb8ffde,[MAY CONTAIN PERSONALLY IDENTIFIABLE INFORMATION], ,[MAY CONTAIN PERSONALLY IDENTIFIABLE INFORMATION], ,[MAY CONTAIN PERSONALLY IDENTIFIABLE INFORMATION], ,Miami, ,FL ,[MAY CONTAIN PERSONALLY IDENTIFIABLE INFORMATION], ,Street,Dry,No Unusual Conditions,30, ,Daylight,Y, , , , , , , ,,SUV,Minor,Yes,Making Right Turn,No,No, , , , , ,Y, , , , , ,Making Right Turn,No,Yes,Yes,0, , , , ,Y, , , , , , , , ,Y, , ,Y,Y, , ,Yes,Miami Police Department, ,Yes,[MAY CONTAIN PERSONALLY IDENTIFIABLE INFORMATION], ,,Y,,Y,"[REDACTED, MAY CONTAIN CONFIDENTIAL BUSINESS INFORMATION]",Y,"[REDACTED, MAY CONTAIN CONFIDENTIAL BUSINESS INFORMATION]",Y
502-2178,1,Ford Motor Company,1-Day,,,JAN-2022,1FMCU0DZ5LU, ,N/A,Ford,Escape, ,2020, ,1a89dae466c3bdd,1278, ,In-Vehicle (Commercial / Test),"[REDACTED, MAY CONTAIN CONFIDENTIAL BUSINESS INFORMATION]", ,Y,, , ,, , ,, , ,,, , ,,,Yes,ADS,Argo AI, , , , ,Y,Y, , ,,JAN-2022, ,JAN-2022,12:22, ,0731be2bcb8ffde,[MAY CONTAIN PERSONALLY IDENTIFIABLE INFORMATION], ,[MAY CONTAIN PERSONALLY IDENTIFIABLE INFORMATION], ,[MAY CONTAIN PERSONALLY IDENTIFIABLE INFORMATION], ,Miami, ,FL ,[MAY CONTAIN PERSONALLY IDENTIFIABLE INFORMATION], ,Street,Dry,No Unusual Conditions,30, ,Daylight,Y, , , , , , , ,,SUV,Minor,Yes,Making Right Turn,No,No, , , , , ,Y, , , , , ,Making Right Turn,No,Yes,Yes,0, , , , ,Y, , , , , , , , ,Y, , ,Y,Y, , ,Yes,Miami Police Department, ,Yes,[MAY CONTAIN PERSONALLY IDENTIFIABLE INFORMATION], ,,Y,,Y,"[REDACTED, MAY CONTAIN CONFIDENTIAL BUSINESS INFORMATION]",Y,"[REDACTED, MAY CONTAIN CONFIDENTIAL BUSINESS INFORMATION]",Y
30290-2180,1,Argo AI,1-Day,,,JAN-2022,1FMCU0DZ5LU, ,N/A,Ford,Escape, ,2020, ,1a89dae466c3bdd,1278, ,In-Vehicle (Commercial / Test),"[REDACTED, MAY CONTAIN CONFIDENTIAL BUSINESS INFORMATION]", ,Y,, , ,, , ,, , ,,, , ,,,Yes,ADS,Argo AI, , , , ,Y,Y, , ,,JAN-2022, ,JAN-2022,12:22, ,0731be2bcb8ffde,[MAY CONTAIN PERSONALLY IDENTIFIABLE INFORMATION], ,[MAY CONTAIN PERSONALLY IDENTIFIABLE INFORMATION], ,[MAY CONTAIN PERSONALLY IDENTIFIABLE INFORMATION], ,Miami, ,FL ,[MAY CONTAIN PERSONALLY IDENTIFIABLE INFORMATION], ,Street,Dry,No Unusual Conditions,30, ,Daylight,Y, , , , , , , ,,SUV,Minor,Yes,Making Right Turn,No,No, , , , , ,Y, , , , , ,Making Right Turn,No,Yes,Yes,0, , , , ,Y, , , , , , , , ,Y, , ,Y,Y, , ,Yes,Miami Police Department, ,Yes,[MAY CONTAIN PERSONALLY IDENTIFIABLE INFORMATION], ,,Y,,Y,"[REDACTED, MAY CONTAIN CONFIDENTIAL BUSINESS INFORMATION]",Y,"[REDACTED, MAY CONTAIN CONFIDENTIAL BUSINESS INFORMATION]",Y
30610-2151,1,"Zoox, Inc.",Monthly,12,2021,JAN-2022,5TDDCRFH6GS, ,N/A,Toyota,Highlander, ,2016, ,c45eb5dab0befec,79832, ,In-Vehicle (Commercial / Test),23.21.12.09, , ,, , ,, , ,, , ,,, , ,,,Yes,ADAS,Zoox Inc., , , , , ,Y, , ,,DEC-2021, ,DEC-2021,22:15, ,b2e81debd54d53f,[MAY CONTAIN PERSONALLY IDENTIFIABLE INFORMATION], ,[MAY CONTAIN PERSONALLY IDENTIFIABLE INFORMATION], ,[MAY CONTAIN PERSONALLY IDENTIFIABLE INFORMATION], ,Las Vegas, ,NV ,[MAY CONTAIN PERSONALLY IDENTIFIABLE INFORMATION], ,Traffic Circle,Wet,No Unusual Conditions,,Y,Dark - Lighted, , ,Y, , , , , ,,SUV,No Injuries Reported,No,Stopped,No,No, , ,Y, , , , , , , , ,Proceeding Straight,No,No,Yes,1, , , , , , , , , ,Y, , ,Y, ,Y, ,Y, , , ,No,, ,Yes,, ,, ,, ,Yes, ,"A Zoox vehicle was traveling through a hotel loading zone, when the driver's side door of a stopped passenger vehicle in the right adjacent lane opened, and made contact with the front right sensor of the Zoox vehicle. There were no injuries and the police were not called. Autonomy was engaged in the 30 second period prior to the collision.",
30270-1730,1,Waymo LLC,Monthly,10,2021,NOV-2021,2C4RC1K73HR, ,N/A,Chrysler,Pacifica, ,2017, ,6d49baca1da8d0f,20619, ,None,4th Generation ADS, , ,, , ,, , ,, , ,,, , ,,,Yes,ADS,Waymo LLC, , ,Y, , , , , ,,OCT-2021, ,OCT-2021,13:48, ,f9d5189db0a4978,[MAY CONTAIN PERSONALLY IDENTIFIABLE INFORMATION], ,[MAY CONTAIN PERSONALLY IDENTIFIABLE INFORMATION], ,[MAY CONTAIN PERSONALLY IDENTIFIABLE INFORMATION], ,Mesa, ,AZ ,[MAY CONTAIN PERSONALLY IDENTIFIABLE INFORMATION], ,Street,Dry,No Unusual Conditions,25, ,Daylight,Y, , , , , , , ,,SUV,No Injuries Reported,Yes,Backing,No,No, , , , , , , , , , ,Y,Parked,No,No,No Passengers in Vehicle,0, , , , ,Y, , ,Y, , , , , , ,Y, ,Y,Y, , ,No,, ,Yes,, ,, ,, ,Yes, ,"On October [XXX], 2021 at 1:48 PM PDT a Waymo Autonomous Vehicle (""Waymo AV"") operating in Mesa, AZ was in a collision involving an SUV on the 700 block of [XXX]. 
The Waymo AV was stopped in front of a residential home when an SUV began to reverse out of the home's driveway. While reversing, the SUV's rear bumper made contact with the Waymo AV's trunk. The Waymo AV sustained minor damage to its trunk. At the time of the impact, the Waymo's Level 4 ADS was engaged in autonomous mode.
Waymo is reporting this crash under Request No. 2 of Standing General Order 2021-01. Waymo may supplement or correct its reporting with additional information as it may become available. This report was submitted from the Pacific time zone on the required date.",
30290-1279,1,Argo AI,Monthly,9,2021,SEP-2021,3FA6P0MU4KR, ,N/A,Ford,Fusion, ,2019, ,6d525d9e8ed29e1,9783, ,In-Vehicle (Commercial / Test),"[REDACTED, MAY CONTAIN CONFIDENTIAL BUSINESS INFORMATION]", ,Y,, , ,, , ,, , ,,, , ,,,Yes,ADS,Argo AI, , , , ,Y,Y, , ,,AUG-2021, ,AUG-2021,08:10, ,ab78822ba620852,[MAY CONTAIN PERSONALLY IDENTIFIABLE INFORMATION], ,[MAY CONTAIN PERSONALLY IDENTIFIABLE INFORMATION], ,[MAY CONTAIN PERSONALLY IDENTIFIABLE INFORMATION], ,Miami, ,FL ,[MAY CONTAIN PERSONALLY IDENTIFIABLE INFORMATION], ,Street,Dry,No Unusual Conditions,30, ,Daylight,Y, , , , , , , ,,SUV,No Injuries Reported,Yes,Backing,No,No,Y, , , , , , , , , , ,Stopped,No,No,Yes,0, , , , , , , , , ,Y, , , ,Y, , ,Y,Y, , ,Yes,Miami Beach PD, ,Yes,[MAY CONTAIN PERSONALLY IDENTIFIABLE INFORMATION], ,,Y,,Y,"[REDACTED, MAY CONTAIN CONFIDENTIAL BUSINESS INFORMATION]",Y,"[REDACTED, MAY CONTAIN CONFIDENTIAL BUSINESS INFORMATION]",Y
30413-1130,1,May Mobility,Monthly,7,2021,AUG-2021,2T2JGMDA3LC, ,N/A,Lexus,RX450H, ,2020, ,0eecc7fa6ddc4ad,3854, ,In-Vehicle (Commercial / Test),4, , ,, , ,, , ,, , ,,, , ,,,Yes,ADS,May Mobility, , , , ,Y, , , ,,JUL-2021, ,JUL-2021,16:15, ,d0d33333ba895d5,[MAY CONTAIN PERSONALLY IDENTIFIABLE INFORMATION], ,[MAY CONTAIN PERSONALLY IDENTIFIABLE INFORMATION], ,[MAY CONTAIN PERSONALLY IDENTIFIABLE INFORMATION], ,Indianapolis, ,IN ,[MAY CONTAIN PERSONALLY IDENTIFIABLE INFORMATION], ,Street,Dry,No Unusual Conditions,25, ,Daylight,Y, , , , , , , ,,SUV,No Injuries Reported,Yes,Proceeding Straight,No,No,Y,Y, , , , , , , , , ,Proceeding Straight,No,No,Yes,18, , , ,Y, , , , , ,Y, , , ,Y, , ,Y,Y, , ,No,, ,No,, ,, ,, ,Yes, ,"Summary of incidentLeading up to the event, the autonomy system functioned as expected, following the route through the intersection, slowing appropriately for other road users and the red light.  Vehicle autonomous behavior was performing as expected and did not require a takeover.Description of event:16:17:30 May vehicle, traveling East on [XXX], in full working order with no errors, autonomously navigates the [XXX] and [XXX] intersection.16:17:35 May vehicle autonomously begins to slow to match the speed of a vehicle several car lengths ahead merging into our lane from the right.16:17:37 By means of an accelerator pedal push the vehicle is moved into manual mode by the safety operator - from this point forward, the vehicle remains under control of the safety operator.16:17:43 Manual acceleration command via the pedal increases.16:17:44 Safety operator manually continues straight which, due to the slight change in angle of the road, brings the May vehicle into contact with the first vehicle to the right.16:17:44 Safety operator manually applies brake.16:17:45 With the manual brake command now at maximum the May vehicle makes contact with the second vehicle.Vehicle indicators for manual or autonomy mode:The visual indicator for autonomy was functioning properly and as expected in the time leading up to and during the event.The audio communication device in the vehicle was functioning properly and was used to call for assistance and to report the incident.The audio beep to indicate a state change was functioning properly.The safety operator had some audio indication that he had exited autonomy and entered manual operation, and he had full visual indication on his dashboard.                                                                ",
1306-1065,1,Toyota Motor Engineering & Manufacturing,Monthly,7,2021,AUG-2021,2T2JGMDA3LC, ,N/A,Lexus,RX450H, ,2020, ,0eecc7fa6ddc4ad,3854, ,In-Vehicle (Commercial / Test),4, , ,, , ,, , ,, , ,,, , ,,,Yes,ADS,May Mobility, , , , , , , ,Y,Communication from May Mobility,JUL-2021, ,JUL-2021,16:15, ,d0d33333ba895d5,[MAY CONTAIN PERSONALLY IDENTIFIABLE INFORMATION], ,[MAY CONTAIN PERSONALLY IDENTIFIABLE INFORMATION], ,[MAY CONTAIN PERSONALLY IDENTIFIABLE INFORMATION], ,Indianapolis, ,IN ,[MAY CONTAIN PERSONALLY IDENTIFIABLE INFORMATION], ,Street,Dry,No Unusual Conditions,25, ,Daylight,Y, , , , , , , ,,SUV,No Injuries Reported,Yes,Proceeding Straight,No,No,Y,Y, , , , , , , , , ,Proceeding Straight,No,No,Yes,18, , , ,Y, , , , , ,Y, , , ,Y, , ,Y,Y, , ,No,, ,No,, ,, ,, ,Yes, ,"- The subject vehicle of this report was procured by and up-fitted to ADS L4 by May Mobility with a May Mobility automated driving kit.
- The content of this report, including the summary of incident below, is the information as Toyota received from May Mobility on Aug [XXX], 2021.
Summary of incident (as Toyota received from May Mobility):
Leading up to the event, the autonomy system functioned as expected, following the route through the intersection, slowing appropriately for other road users and the red light. Vehicle autonomous behavior was performing as expected and did not require a takeover.
Description of event:
16:17:30 May vehicle, traveling East on [XXX], in full working order with no errors, autonomously navigates the [XXX] and [XXX] intersection.
16:17:35 May vehicle autonomously begins to slow to match the speed of a vehicle several car lengths ahead merging into our lane from the right.
16:17:37 By means of an accelerator pedal push the vehicle is moved into manual mode by the safety operator - from this point forward, the vehicle remains under control of the safety operator.
16:17:43 Manual acceleration command via the pedal increases.
16:17:44 Safety operator manually continues straight which, due to the slight change in angle of the road, brings the May vehicle into contact with the first vehicle to the right.
16:17:44 Safety operator manually applies brake.
16:17:45 With the manual brake command now at maximum the May vehicle makes contact with the second vehicle.
Vehicle indicators for manual or autonomy mode:
The visual indicator for autonomy was functioning properly and as expected in the time leading up to and during the event.
The audio communication device in the vehicle was functioning properly and was used to call for assistance and to report the incident.
The audio beep to indicate a state change was functioning properly.
The safety operator had some audio indication that he had exited autonomy and entered manual operation, and he had full visual indication on his dashboard.",