Report ID,Report Version,Reporting Entity,Report Type,Report Month,Report Year,Report Submission Date,VIN,VIN - Unknown,Serial Number,Make,Model,Model - Unknown,Model Year,Model Year - Unknown,Same Vehicle ID,Mileage,Mileage - Unknown,Driver / Operator Type,ADAS/ADS System Version,ADAS/ADS System Version - Unk,ADAS/ADS System Version CBI,ADAS/ADS Hardware Version,ADAS/ADS Hardware Version - Unk,ADAS/ADS Hardware Version CBI,ADAS/ADS Software Version,ADAS/ADS Software Version - Unk,ADAS/ADS Software Version CBI,Other Reporting Entities?,Other Reporting Entities? - Unk,Other Reporting Entities? - NA,Federal Regulatory Exemption?,Other Federal Reg. Exemption,Federal Reg. Exemption - Unk,Federal Reg. Exemption - No,State or Local Permit?,State or Local Permit,ADS Equipped?,Automation System Engaged?,Operating Entity,Operating Entity - Unknown,Source - Complaint/Claim,Source - Telematics,Source - Law Enforcement,Source - Field Report,Source - Testing,Source - Media,Source - Other,Source - Other Text,Incident Date,Incident Date - Unknown,Notice Received Date,Incident Time (24:00),Incident Time - Unknown,Same Incident ID,Latitude,Latitude - Unknown,Longitude,Longitude - Unknown,Address,Address - Unknown,City,City - Unknown,State,Zip Code,Zip Code - Unknown,Roadway Type,Roadway Surface,Roadway Description,Posted Speed Limit (MPH),Posted Speed Limit - Unknown,Lighting,Weather - Clear,Weather - Snow,Weather - Cloudy,Weather - Fog/Smoke,Weather - Rain,Weather - Severe Wind,Weather - Unknown,Weather - Other,Weather - Other Text,Crash With,Highest Injury Severity Alleged,Property Damage?,CP Pre-Crash Movement,CP Any Air Bags Deployed?,CP Was Vehicle Towed?,CP Contact Area - Rear Left,CP Contact Area - Left,CP Contact Area - Front Left,CP Contact Area - Rear,CP Contact Area - Top,CP Contact Area - Front,CP Contact Area - Rear Right,CP Contact Area - Right,CP Contact Area - Front Right,CP Contact Area - Bottom,CP Contact Area - Unknown,SV Pre-Crash Movement,SV Any Air Bags Deployed?,SV Was Vehicle Towed?,SV Were All Passengers Belted?,SV Precrash Speed (MPH),SV Pre-crash Speed - Unknown,SV Contact Area - Rear Left,SV Contact Area - Left,SV Contact Area - Front Left,SV Contact Area - Rear,SV Contact Area - Top,SV Contact Area - Front,SV Contact Area - Rear Right,SV Contact Area - Right,SV Contact Area - Front Right,SV Contact Area - Bottom,SV Contact Area - Unknown,Data Availability - EDR,Data Availability - Police Rpt,Data Availability - Telematics,Data Availability - Complaints,Data Availability - Video,Data Availability - Other,Data Availability - No Data,Data Availability - Unknown,Law Enforcement Investigating?,Investigating Agency,Investigating Agency - Unknown,Rep Ent Or Mfr Investigating?,Investigating Officer Name,Inv. Officer Name - Unknown,Investigating Officer Phone,Inv. Officer Phone - Unknown,Investigating Officer Email,Inv. Officer Email - Unknown,Within ODD?,Within ODD? - CBI,Narrative,Narrative - CBI?
30270-9176,1,Waymo LLC,Monthly,10,2024,NOV-2024,SADHW2S18M1, ,N/A,Jaguar,I-Pace, ,2021, ,9b58c96904cb338,145887, ,None,5th Generation ADS, , ,5th Generation, , ,Version 9, , ,, ,Y,,, ,Y,Yes (specify below),"CA DMV, CA PUC      ",Yes,ADS,Waymo LLC, , ,Y, , , , , ,,OCT-2024, ,OCT-2024,18:57, ,970d86ec5425b21,[MAY CONTAIN PERSONALLY IDENTIFIABLE INFORMATION], ,[MAY CONTAIN PERSONALLY IDENTIFIABLE INFORMATION], ,[MAY CONTAIN PERSONALLY IDENTIFIABLE INFORMATION], ,San Francisco, ,CA ,[MAY CONTAIN PERSONALLY IDENTIFIABLE INFORMATION], ,Street,Dry,No Unusual Conditions,25, ,Dawn / Dusk, , ,Y, , , , , ,,SUV,No Injuries Reported,Yes,Lane / Road Departure,No,No, , , , , , , , ,Y, , ,Making Left Turn,No,No,No Passengers in Vehicle,12, , , ,Y, , , , , , , , , , ,Y, ,Y,Y, , ,No,, ,Yes,, ,, ,, ,Yes, ,"On October [XXX], 2024 at 6:57 PM PT a Waymo Autonomous Vehicle (Waymo AV) operating in San Francisco, California was in a collision involving an SUV on [XXX] at [XXX].
The Waymo AV was making a left turn from the rightmost dedicated left turn lane on [XXX] into lane three of three lanes in the northbound direction of [XXX]. An SUV was also making a left turn from the leftmost dedicated left turn lane (leftmost lane). The SUV had made the turn onto [XXX] and was partially in the number 2 lane (center) and partially in the number 3 lane (rightmost) when the front passenger side of the SUV made contact with the front driver side of the Waymo AV, which was traveling in the number 3 lane (rightmost). At the time of the impact, the Waymo AVs Level 4 ADS was engaged in autonomous mode. Both vehicles sustained damage.
Waymo is reporting this crash under Request No. 2 of Standing General Order 2021-01.  Waymo may supplement or correct its reporting with additional information as it may become available.",
30270-9171,1,Waymo LLC,Monthly,10,2024,NOV-2024,SADHW2S1XM1, ,N/A,Jaguar,I-Pace, ,2021, ,839ae0ee3c11b7d,85637, ,None,5th Generation ADS, , ,5th Generation, , ,Version 9, , ,, ,Y,,, ,Y,Yes (specify below),"CA DMV, CA PUC                ",Yes,ADS,Waymo LLC, , ,Y, , , , , ,,OCT-2024, ,OCT-2024,17:08, ,b705a460b540023,[MAY CONTAIN PERSONALLY IDENTIFIABLE INFORMATION], ,[MAY CONTAIN PERSONALLY IDENTIFIABLE INFORMATION], ,[MAY CONTAIN PERSONALLY IDENTIFIABLE INFORMATION], ,San Francisco, ,CA ,[MAY CONTAIN PERSONALLY IDENTIFIABLE INFORMATION], ,Street,Dry,No Unusual Conditions,25, ,Daylight, , ,Y, , , , , ,,SUV,No Injuries Reported,Yes,Passing,No,No, , , , , , , ,Y, , , ,Stopped,No,No,No Passengers in Vehicle,0, ,Y, , , , , , , , , , , , ,Y, ,Y,Y, , ,No,, ,Yes,, ,, ,, ,Yes, ,"On October [XXX], 2024 at 5:08 PM PT a Waymo Autonomous Vehicle (Waymo AV) operating in San Francisco, California was in a collision involving an SUV on [XXX] at [XXX].
The Waymo AV was stopped on northbound [XXX] for a passenger pick-up when an SUV that had been traveling behind the Waymo AV began to maneuver around the stopped Waymo AV. As the SUV was passing the stopped Waymo AV, the passenger side of the SUV made contact with the rear driver side corner of the Waymo AV. At the time of the impact, the Waymo AVs Level 4 ADS was engaged in autonomous mode. Both vehicles sustained damage. 
Waymo is reporting this crash under Request No. 2 of Standing General Order 2021-01. Waymo may supplement or correct its reporting with additional information as it may become available.",
30270-9140,1,Waymo LLC,Monthly,10,2024,NOV-2024,SADHW2S18R1, ,N/A,Jaguar,I-Pace, ,2024, ,d674426385f0fc8,15584, ,None,5th Generation ADS, , ,5th Generation, , ,Version 9, , ,, ,Y,,, ,Y,Yes (specify below),"CA DMV, CA PUC                  ",Yes,ADS,Waymo LLC, , ,Y, , , , , ,,OCT-2024, ,OCT-2024,09:55, ,98ebb610c5d4696,[MAY CONTAIN PERSONALLY IDENTIFIABLE INFORMATION], ,[MAY CONTAIN PERSONALLY IDENTIFIABLE INFORMATION], ,[MAY CONTAIN PERSONALLY IDENTIFIABLE INFORMATION], ,San Francisco, ,CA ,[MAY CONTAIN PERSONALLY IDENTIFIABLE INFORMATION], ,Intersection,Dry,No Unusual Conditions,25, ,Daylight,Y, , , , , , , ,,SUV,No Injuries Reported,Yes,Proceeding Straight,No,No, , ,Y, , ,Y, , ,Y, , ,Proceeding Straight,No,No,No Passengers in Vehicle,15, , , , , , , ,Y, , , , , , ,Y, ,Y,Y, , ,No,, ,Yes,, ,, ,, ,Yes, ,"On October [XXX], 2024 at 9:55 AM PT a Waymo Autonomous Vehicle (Waymo AV) operating in San Francisco, California was in a collision involving an SUV on [XXX] at [XXX]. 
The Waymo AV was traveling northwest on [XXX] when it came to a stop at a four-way stop sign at the intersection with [XXX]. The Waymo AV then proceeded straight through the intersection when an SUV traveling southwest on [XXX] proceeded past the four-way stop sign at the intersection with [XXX] without first stopping. The front of the SUV then made contact with the rear passenger side of the Waymo AV. At the time of the impact, the Waymo AVs Level 4 ADS was engaged in autonomous mode. Both vehicles sustained damage.
Waymo is reporting this crash under Request No. 2 of Standing General Order 2021-01. Waymo may supplement or correct its reporting with additional information as it may become available.",
30270-9112,1,Waymo LLC,Monthly,10,2024,NOV-2024,SADHW2S14R1, ,N/A,Jaguar,I-Pace, ,2024, ,4146078966d52fb,6213, ,None,5th Generation ADS, , ,5th Generation, , ,Version 9, , ,, ,Y,,, ,Y,Yes (specify below),"CA DMV, CA PUC",Yes,ADS,Waymo LLC, , ,Y, , , , , ,,OCT-2024, ,OCT-2024,12:32, ,498f8f9667fb6da,[MAY CONTAIN PERSONALLY IDENTIFIABLE INFORMATION], ,[MAY CONTAIN PERSONALLY IDENTIFIABLE INFORMATION], ,[MAY CONTAIN PERSONALLY IDENTIFIABLE INFORMATION], ,San Francisco, ,CA ,[MAY CONTAIN PERSONALLY IDENTIFIABLE INFORMATION], ,Street,Dry,No Unusual Conditions,25, ,Daylight,Y, , , , , , , ,,SUV,No Injuries Reported,Yes,Passing,No,No, , , , , , , ,Y, , , ,Stopped,No,No,Yes,0, ,Y, , , , , , , , , , , , ,Y, ,Y,Y, , ,No,, ,Yes,, ,, ,, ,Yes, ,"On October [XXX], 2024 at 12:32 PM PT a Waymo Autonomous Vehicle (Waymo AV) operating in San Francisco, California was in a collision involving an SUV on [XXX] near [XXX].
The Waymo AV was traveling eastbound on [XXX] and came to a stop behind an SUV that was double parked. The Waymo AV remained stationary with oncoming traffic in the opposing lane. Once the traffic cleared, another SUV traveling directly behind the Waymo AV began passing the Waymo AV and the passenger door made contact with the rear driver side of the Waymo AV. At the time of the impact, the Waymo AVs Level 4 ADS was engaged in autonomous mode. Both vehicles sustained damage.
Waymo is reporting this crash under Request No. 2 of Standing General Order 2021-01. Waymo may supplement or correct its reporting with additional information as it may become available.",
30270-9100,1,Waymo LLC,Monthly,10,2024,NOV-2024,SADHW2S12R1, ,N/A,Jaguar,I-Pace, ,2024, ,38ff0b7e962940b,12096, ,None,5th Generation ADS, , ,5th Generation, , ,Version 9, , ,, ,Y,,, ,Y,Yes (specify below),"CA DMV, CA PUC",Yes,ADS,Waymo LLC, , ,Y, , , , , ,,OCT-2024, ,OCT-2024,07:57, ,f5e9cbd9caedfc5,[MAY CONTAIN PERSONALLY IDENTIFIABLE INFORMATION], ,[MAY CONTAIN PERSONALLY IDENTIFIABLE INFORMATION], ,[MAY CONTAIN PERSONALLY IDENTIFIABLE INFORMATION], ,San Francisco, ,CA ,[MAY CONTAIN PERSONALLY IDENTIFIABLE INFORMATION], ,Street,Dry,No Unusual Conditions,25, ,Daylight,Y, , , , , , , ,,SUV,No Injuries Reported,No,Parking Maneuver,No,No, , , ,Y, , , , , , , ,Parked,No,No,No Passengers in Vehicle,0, , , , , , ,Y, , , , , , , ,Y, ,Y,Y, , ,No,, ,Yes,, ,, ,, ,Yes, ,"On October [XXX], 2024 at 7:57 AM PT a Waymo Autonomous Vehicle (""Waymo AV"") operating in San Francisco, California was in a collision involving an SUV on [XXX] near [XXX]. 
The Waymo AV was parked at the curb in the northbound direction of [XXX] when an SUV in front of the Waymo AV began to reverse to parallel park, and the rear of the SUV made contact with the front of the Waymo AV. At the time of the impact, the Waymo AV's Level 4 ADS was engaged in autonomous mode. The Waymo AV sustained damage.
Waymo is reporting this crash under Request No. 2 of Standing General Order 2021-01. Waymo may supplement or correct its reporting with additional information as it may become available.",
30270-9061,1,Waymo LLC,5-Day,,,NOV-2024,SADHW2S1XR1, ,N/A,Jaguar,I-Pace, ,2024, ,26e4520dfdbdbb5,20342, ,None,5th Generation ADS, , ,5th Generation, , ,Version 9, , ,, ,Y,,, ,Y,Yes (specify below),"CA DMV, CA PUC     ",Yes,ADS,Waymo LLC, , ,Y, , , , , ,,NOV-2024, ,NOV-2024,19:36, ,3c898937838a65b,[MAY CONTAIN PERSONALLY IDENTIFIABLE INFORMATION], ,[MAY CONTAIN PERSONALLY IDENTIFIABLE INFORMATION], ,[MAY CONTAIN PERSONALLY IDENTIFIABLE INFORMATION], ,San Francisco, ,CA ,[MAY CONTAIN PERSONALLY IDENTIFIABLE INFORMATION], ,Street,Dry,No Unusual Conditions,20, ,Dark - Lighted,Y, , , , , , , ,,SUV,No Injuries Reported,Yes,Traveling Wrong Way,No,No, , , , , , , ,Y, , , ,Stopped,No,Yes,"No, see Narrative",0, , ,Y, , , , , , , , , , , ,Y, ,Y,Y, , ,No,, ,Yes,, ,, ,, ,Yes, ,"On November [XXX], 2024 at 7:36 PM PT a Waymo Autonomous Vehicle (Waymo AV) operating in San Francisco, California was in a collision involving an SUV on [XXX] near [XXX].
The Waymo AV was traveling south on [XXX] when it came to a stop for a passenger drop off. While the Waymo AV remained stopped, an SUV approached the Waymo AV from behind and entered the oncoming lane of [XXX] to maneuver around the Waymo AV. As the SUV was passing the stopped Waymo AV on the left, a rider in the Waymo AV opened the rear driver side door. The passenger side of the SUV made contact with the Waymo AVs opened rear driver side door. The passengers of the Waymo AV were not belted at the time of impact, likely because the vehicle was at a drop off location and they were preparing to exit. At the time of the impact, the Waymo AVs Level 4 ADS was engaged in autonomous mode. Both vehicles sustained damage.
Waymo is reporting this crash under Request No. 1 of Standing General Order 2021-01 because a vehicle involved was towed away. Waymo may supplement or correct its reporting with additional information as it may become available.",
30270-9060,1,Waymo LLC,5-Day,,,NOV-2024,SADHW2S1XR1, ,N/A,Jaguar,I-Pace, ,2024, ,66d221ed59df96f,39891, ,None,5th Generation ADS, , ,5th Generation, , ,Version 9, , ,, ,Y,,, ,Y,Yes (specify below),"CA DMV, CA PUC            ",Yes,ADS,Waymo LLC, , ,Y, , , , , ,,NOV-2024, ,NOV-2024,18:28, ,b18bcaba77a754d,[MAY CONTAIN PERSONALLY IDENTIFIABLE INFORMATION], ,[MAY CONTAIN PERSONALLY IDENTIFIABLE INFORMATION], ,[MAY CONTAIN PERSONALLY IDENTIFIABLE INFORMATION], ,Culver City, ,CA ,[MAY CONTAIN PERSONALLY IDENTIFIABLE INFORMATION], ,Street,Dry,No Unusual Conditions,40, ,Dark - Lighted,Y, , , , , , , ,,SUV,No Injuries Reported,Yes,Stopped,Yes,Yes,Y, ,Y,Y, ,Y,Y, , , , ,Stopped,No,No,No Passengers in Vehicle,0, , , , ,Y, , ,Y, , , , , , ,Y, ,Y,Y, , ,Yes,Culver City Police Department, ,Yes,[MAY CONTAIN PERSONALLY IDENTIFIABLE INFORMATION], ,,Y,,Y,Yes, ,"On November [XXX], 2024 at 6:28 PM PT a Waymo Autonomous Vehicle (Waymo AV) operating in Culver City, California was in a collision involving an SUV on [XXX] near [XXX].
The Waymo AV was stopped in traffic for a red light on  [XXX] with an SUV stopped directly behind the Waymo AV. Moments later, a passenger car traveling at a high rate of speed approached the stopped SUV from behind and made contact with the rear of the SUV. The front of the SUV then made contact with the rear of the stopped Waymo AV. At the time of the impact, the Waymo AVs Level 4 ADS was engaged in autonomous mode. All three vehicles sustained damage. 
Waymo is reporting this crash under Request No. 1 Standing General Order 2021-01 because vehicles involved were towed away and because of airbag deployments. Waymo may supplement or correct its reporting with additional information as it may become available.",
30270-8968,2,Waymo LLC,10-Day Update,,,NOV-2024,SADHW2S16R1, ,N/A,Jaguar,I-Pace, ,2024, ,82faed3679e4f36,1305, ,None,5th Generation ADS, , ,5th Generation, , ,Version 9, , ,, ,Y,,, ,Y,Yes (specify below),"CA DMV, CA PUC",Yes,ADS,Waymo LLC, , ,Y, , , , , ,,OCT-2024, ,OCT-2024,08:58, ,2abc9b4faef00d9,[MAY CONTAIN PERSONALLY IDENTIFIABLE INFORMATION], ,[MAY CONTAIN PERSONALLY IDENTIFIABLE INFORMATION], ,[MAY CONTAIN PERSONALLY IDENTIFIABLE INFORMATION], ,San Francisco, ,CA ,[MAY CONTAIN PERSONALLY IDENTIFIABLE INFORMATION], ,Street,Dry,No Unusual Conditions,25, ,Daylight,Y, , , , , , , ,,SUV,Serious,Yes,Stopped,No,Yes, , , , , , , , ,Y, , ,Stopped,No,Yes,Yes,0, , ,Y, , , , , , , , , , , ,Y, ,Y,Y, , ,Yes,San Francisco Police Department, ,Yes,[MAY CONTAIN PERSONALLY IDENTIFIABLE INFORMATION], ,,Y,,Y,Yes, ,"The content of this report is unchanged from the initial report submitted on October 29, 2024 [REDACTED, MAY CONTAIN CONFIDENTIAL BUSINESS INFORMATION]. 
On October [XXX], 2024 at 8:52 AM PT a Waymo Autonomous Vehicle (""Waymo AV"") operating in San Francisco, California was in a collision involving a SUV on [XXX] at [XXX]. 
The Waymo AV came to a stop in a queue of traffic for a red traffic light in the rightmost lane of the two eastbound lanes on [XXX] at the intersection with [XXX].  A passenger car traveling west on [XXX] crossed the double yellow line and made contact with an SUV that was alongside the Waymo AV in the left lane of eastbound [XXX].  The impact caused the passenger side of the SUV to make contact with the driver side of the Waymo AV.  At the time of the impact, the Waymo AV's Level 4 ADS was engaged in autonomous mode.  All three vehicles sustained damage.
Waymo is reporting this crash under Request No. 1 of Standing General Order 2021-01 because an individual involved was transported from the scene to a hospital for medical treatment. Waymo may supplement or correct its reporting with additional information as it may become available.",
30270-9004,1,Waymo LLC,5-Day,,,NOV-2024,SADHW2S15R1, ,N/A,Jaguar,I-Pace, ,2024, ,4a5aa2740a4b9f2,13701, ,None,5th Generation ADS, , ,5th Generation, , ,Version 9, , ,, ,Y,,, ,Y,Yes (specify below),"CA PUC, CA DMV",Yes,ADS,Waymo LLC, , ,Y, , , , , ,,OCT-2024, ,OCT-2024,17:24, ,0afbe0209c6ceb2,[MAY CONTAIN PERSONALLY IDENTIFIABLE INFORMATION], ,[MAY CONTAIN PERSONALLY IDENTIFIABLE INFORMATION], ,[MAY CONTAIN PERSONALLY IDENTIFIABLE INFORMATION], ,San Francisco, ,CA ,[MAY CONTAIN PERSONALLY IDENTIFIABLE INFORMATION], ,Street,Dry,No Unusual Conditions,40, ,Daylight, , ,Y, , , , , ,,SUV,No Injuries Reported,Yes,Changing Lanes,No,No, , , , , , , ,Y, , , ,Proceeding Straight,No,Yes,Yes,36, , , ,Y, , , , , , , , , , ,Y, ,Y,Y, , ,No,, ,Yes,, ,, ,, ,Yes, ,"On October [XXX], 2024 at 5:24 PM PT a Waymo Autonomous Vehicle (""Waymo AV"") operating in San Francisco, California was in a collision involving a SUV on [XXX] near [XXX].
The Waymo AV was traveling in the rightmost of three westbound lanes on [XXX] near the intersection with [XXX], at a location where the leftmost two lanes of three westbound lanes of [XXX] split onto a bridge and the rightmost lane continues at-grade to an intersection with [XXX]. As the AV approached the gore point where the lanes diverge, an SUV traveling in the center lane ahead of the AV began braking and, without signaling, crossed the solid white line to enter into the rightmost lane to proceed towards [XXX]. The rear passenger side of the SUV then made contact with the driver side of the Waymo AV. At the time of the impact, the Waymo AV's Level 4 ADS was engaged in autonomous mode. Both vehicles sustained damage.
Waymo is reporting this crash under Request No. 1 of Standing General Order 2021-01 because a vehicle involved was towed away. Waymo may supplement or correct its reporting with additional information as it may become available.",
30270-8968,1,Waymo LLC,1-Day,,,OCT-2024,SADHW2S16R1, ,N/A,Jaguar,I-Pace, ,2024, ,82faed3679e4f36,1305, ,None,5th Generation ADS, , ,5th Generation, , ,Version 9, , ,, ,Y,,, ,Y,Yes (specify below),"CA DMV, CA PUC",Yes,ADS,Waymo LLC, , ,Y, , , , , ,,OCT-2024, ,OCT-2024,08:58, ,2abc9b4faef00d9,[MAY CONTAIN PERSONALLY IDENTIFIABLE INFORMATION], ,[MAY CONTAIN PERSONALLY IDENTIFIABLE INFORMATION], ,[MAY CONTAIN PERSONALLY IDENTIFIABLE INFORMATION], ,San Francisco, ,CA ,[MAY CONTAIN PERSONALLY IDENTIFIABLE INFORMATION], ,Street,Dry,No Unusual Conditions,25, ,Daylight,Y, , , , , , , ,,SUV,Serious,Yes,Stopped,No,Yes, , , , , , , , ,Y, , ,Stopped,No,Yes,Yes,0, , ,Y, , , , , , , , , , , ,Y, ,Y,Y, , ,Yes,San Francisco Police Department, ,Yes,[MAY CONTAIN PERSONALLY IDENTIFIABLE INFORMATION], ,,Y,,Y,Yes, ,"On October [XXX], 2024 at 8:52 AM PT a Waymo Autonomous Vehicle (""Waymo AV"") operating in San Francisco, California was in a collision involving a SUV on [XXX] at [XXX]. 
The Waymo AV came to a stop in a queue of traffic for a red traffic light in the rightmost lane of the two eastbound lanes on [XXX] at the intersection with [XXX].  A passenger car traveling west on [XXX] crossed the double yellow line and made contact with an SUV that was alongside the Waymo AV in the left lane of eastbound [XXX].  The impact caused the passenger side of the SUV to make contact with the driver side of the Waymo AV.  At the time of the impact, the Waymo AV's Level 4 ADS was engaged in autonomous mode.  All three vehicles sustained damage.
Waymo is reporting this crash under Request No. 1 of Standing General Order 2021-01 because an individual involved was transported from the scene to a hospital for medical treatment. Waymo may supplement or correct its reporting with additional information as it may become available.",
30270-8947,1,Waymo LLC,5-Day,,,OCT-2024,SADHW2S13R1, ,N/A,Jaguar,I-Pace, ,2024, ,6d9ec34f82b6f27,26803, ,None,5th Generation ADS, , ,5th Generation, , ,Version 9, , ,, ,Y,,, ,Y,Yes (specify below),"CA DMV, CA PUC",Yes,ADS,Waymo LLC, , ,Y, , , , , ,,OCT-2024, ,OCT-2024,06:57, ,d985331ad732285,[MAY CONTAIN PERSONALLY IDENTIFIABLE INFORMATION], ,[MAY CONTAIN PERSONALLY IDENTIFIABLE INFORMATION], ,[MAY CONTAIN PERSONALLY IDENTIFIABLE INFORMATION], ,Los Angeles, ,CA ,[MAY CONTAIN PERSONALLY IDENTIFIABLE INFORMATION], ,Street,Dry,No Unusual Conditions,25, ,Dawn / Dusk,Y, , , , , , , ,,SUV,No Injuries Reported,Yes,Traveling Wrong Way,No,No, , , , , , , ,Y, , , ,Proceeding Straight,No,Yes,No Passengers in Vehicle,21, , ,Y, , , , , , , , , , , ,Y, ,Y,Y, , ,No,, ,Yes,, ,, ,, ,Yes, ,"On October [XXX], 2024 at 6:57 AM PT a Waymo Autonomous Vehicle (""Waymo AV"") operating in Los Angeles, California was in a collision involving an SUV on [XXX] at [XXX]. 
The Waymo AV was traveling southeast on [XXX], and stopped at a stop sign at the intersection with [XXX] with an SUV following behind. As the Waymo AV finished traversing the intersection, the trailing SUV entered the opposing lane of travel, passing the Waymo AV, and the passenger side of the SUV made contact with the driver side of the Waymo AV. At the time of the impact, the Waymo AV's Level 4 ADS was engaged in autonomous mode. The Waymo AV sustained damage and the SUV left the scene.
Waymo is reporting this crash under Request No. 1 of Standing General Order 2021-01 because a vehicle involved was towed away. Waymo may supplement or correct its reporting with additional information as it may become available.",
30270-8940,1,Waymo LLC,1-Day,,,OCT-2024,SADHW2S19R1, ,N/A,Jaguar,I-Pace, ,2024, ,a64814bf1ec68ee,18194, ,None,5th Generation ADS, , ,5th Generation, , ,Version 9, , ,, ,Y,,, ,Y,Yes (specify below),"CA DMV, CA PUC",Yes,ADS,Waymo LLC, , ,Y, , , , , ,,OCT-2024, ,OCT-2024,15:58, ,5495e0dccac8dca,[MAY CONTAIN PERSONALLY IDENTIFIABLE INFORMATION], ,[MAY CONTAIN PERSONALLY IDENTIFIABLE INFORMATION], ,[MAY CONTAIN PERSONALLY IDENTIFIABLE INFORMATION], ,San Francisco, ,CA ,[MAY CONTAIN PERSONALLY IDENTIFIABLE INFORMATION], ,Intersection,Dry,No Unusual Conditions,25, ,Daylight,Y, , , , , , , ,,SUV,No Injuries Reported,Yes,Proceeding Straight,No,Yes, , , , , ,Y, , , , , ,Stopped,No,No,Yes,0, , , , ,Y, , , , , , , , , ,Y, ,Y,Y, , ,No,, ,Yes,, ,, ,, ,Yes, ,"On October [XXX], 2024 at 3:58 PM PT a Waymo Autonomous Vehicle (""Waymo AV"") operating in San Francisco, California was in a collision involving a passenger car on [XXX] at [XXX]. 
The Waymo AV was traveling south in the left lane on [XXX] and came to a stop in a queue of traffic for the red traffic light at the intersection with [XXX]. As the Waymo AV approached the intersection and came to a stop, a passenger car which was following behind the Waymo AV at a low rate of speed approached the Waymo AV from behind and partially crossed into the right-hand travel lane. The passenger car continued proceeding slowly forward until the front of the passenger car made contact with the rear of the Waymo AV. After contact occurred, the passenger car remained in contact with the rear of the Waymo AV, and several bystanders approached the passenger car, attempting to communicate with the driver. Once the traffic light turned green, the Waymo AV proceeded through the intersection and pulled over at the curb on the south side of the intersection to avoid obstructing other traffic. While the Waymo AV proceeded through the intersection, the passenger car continued to roll forward into the intersection, and was stopped by several bystanders. Law enforcement communicated to Waymo that the driver of the passenger car was experiencing a medical emergency and was transported from the scene in an ambulance. At the time of the impact, the Waymo AV's Level 4 ADS was engaged in autonomous mode. Both vehicles sustained damage.
Waymo is reporting this crash under Request No. 1 of Standing General Order 2021-01. Waymo may supplement or correct its reporting with additional information as it may become available.",
30270-8873,2,Waymo LLC,Update,,,OCT-2024,SADHW2S19R1, ,N/A,Jaguar,I-Pace, ,2024, ,58d2a1dbd994d0d,4911, ,None,5th Generation ADS, , ,5th Generation, , ,Version 9, , ,, ,Y,,, ,Y,Yes (specify below),"CA DMV, CA PUC",Yes,ADS,Waymo LLC, , ,Y, , , , , ,,SEP-2024, ,SEP-2024,15:08, ,b9c4ac3757b3fa1,[MAY CONTAIN PERSONALLY IDENTIFIABLE INFORMATION], ,[MAY CONTAIN PERSONALLY IDENTIFIABLE INFORMATION], ,[MAY CONTAIN PERSONALLY IDENTIFIABLE INFORMATION], ,San Francisco, ,CA ,[MAY CONTAIN PERSONALLY IDENTIFIABLE INFORMATION], ,Street,Dry,No Unusual Conditions,20, ,Daylight,Y, , , , , , , ,,SUV,No Injuries Reported,Yes,Passing,No,No, , , , , , , ,Y, , , ,Stopped,No,No,Yes,0, ,Y, , , , , , , , , , , , ,Y, ,Y,Y, , ,No,, ,Yes,, ,, ,, ,Yes, ,"Waymo is submitting this updated report to correct an erroneously reported VIN for the Waymo AV. This updated report is being submitted the same day the original report was submitted, on the monthly reporting due date of October 15, 2024. The remainder of the report and narrative is unchanged.
On September [XXX], 2024 at 3:08 PM PT a Waymo Autonomous Vehicle (Waymo AV) operating in San Francisco, California was in a collision involving a van on [XXX] at [XXX].
The Waymo AV was stopped in the leftmost lane of a two-lane, one-way only section of [XXX] at the intersection with [XXX]. The Waymo AV was facing a green light, but stopped before entering the intersection because traffic was stacked on the other side of the intersection, leaving no space for the AV. The light turned red, and upon the light turning green again a van that had been stopped behind the Waymo AV passed the Waymo AV on the left and proceeded into the intersection. While passing the stopped Waymo AV, the vans passenger side made contact with the driver side rear of the Waymo AV. At the time of the impact, the Waymo AVs Level 4 ADS was engaged in autonomous mode. Both vehicles sustained damage.
Waymo is reporting this crash under Request No. 2 of Standing General Order 2021-01. Waymo may supplement or correct its reporting with additional information as it may become available.",