Report ID,Report Version,Reporting Entity,Report Type,Report Month,Report Year,Report Submission Date,VIN,VIN - Unknown,Serial Number,Make,Model,Model - Unknown,Model Year,Model Year - Unknown,Same Vehicle ID,Mileage,Mileage - Unknown,Driver / Operator Type,ADAS/ADS System Version,ADAS/ADS System Version - Unk,ADAS/ADS System Version CBI,ADAS/ADS Hardware Version,ADAS/ADS Hardware Version - Unk,ADAS/ADS Hardware Version CBI,ADAS/ADS Software Version,ADAS/ADS Software Version - Unk,ADAS/ADS Software Version CBI,Other Reporting Entities?,Other Reporting Entities? - Unk,Other Reporting Entities? - NA,Federal Regulatory Exemption?,Other Federal Reg. Exemption,Federal Reg. Exemption - Unk,Federal Reg. Exemption - No,State or Local Permit?,State or Local Permit,ADS Equipped?,Automation System Engaged?,Operating Entity,Operating Entity - Unknown,Source - Complaint/Claim,Source - Telematics,Source - Law Enforcement,Source - Field Report,Source - Testing,Source - Media,Source - Other,Source - Other Text,Incident Date,Incident Date - Unknown,Notice Received Date,Incident Time (24:00),Incident Time - Unknown,Same Incident ID,Latitude,Latitude - Unknown,Longitude,Longitude - Unknown,Address,Address - Unknown,City,City - Unknown,State,Zip Code,Zip Code - Unknown,Roadway Type,Roadway Surface,Roadway Description,Posted Speed Limit (MPH),Posted Speed Limit - Unknown,Lighting,Weather - Clear,Weather - Snow,Weather - Cloudy,Weather - Fog/Smoke,Weather - Rain,Weather - Severe Wind,Weather - Unknown,Weather - Other,Weather - Other Text,Crash With,Highest Injury Severity Alleged,Property Damage?,CP Pre-Crash Movement,CP Any Air Bags Deployed?,CP Was Vehicle Towed?,CP Contact Area - Rear Left,CP Contact Area - Left,CP Contact Area - Front Left,CP Contact Area - Rear,CP Contact Area - Top,CP Contact Area - Front,CP Contact Area - Rear Right,CP Contact Area - Right,CP Contact Area - Front Right,CP Contact Area - Bottom,CP Contact Area - Unknown,SV Pre-Crash Movement,SV Any Air Bags Deployed?,SV Was Vehicle Towed?,SV Were All Passengers Belted?,SV Precrash Speed (MPH),SV Pre-crash Speed - Unknown,SV Contact Area - Rear Left,SV Contact Area - Left,SV Contact Area - Front Left,SV Contact Area - Rear,SV Contact Area - Top,SV Contact Area - Front,SV Contact Area - Rear Right,SV Contact Area - Right,SV Contact Area - Front Right,SV Contact Area - Bottom,SV Contact Area - Unknown,Data Availability - EDR,Data Availability - Police Rpt,Data Availability - Telematics,Data Availability - Complaints,Data Availability - Video,Data Availability - Other,Data Availability - No Data,Data Availability - Unknown,Law Enforcement Investigating?,Investigating Agency,Investigating Agency - Unknown,Rep Ent Or Mfr Investigating?,Investigating Officer Name,Inv. Officer Name - Unknown,Investigating Officer Phone,Inv. Officer Phone - Unknown,Investigating Officer Email,Inv. Officer Email - Unknown,Within ODD?,Within ODD? - CBI,Narrative,Narrative - CBI?
30412-6039,2,Cruise LLC,Update,,,SEP-2024,5G21A6P03P4, ,N/A,Cruise,AV, ,2023, ,d1555c584628ca6,4336, ,Remote (Commercial / Test),"[REDACTED, MAY CONTAIN CONFIDENTIAL BUSINESS INFORMATION]", ,Y,"[REDACTED, MAY CONTAIN CONFIDENTIAL BUSINESS INFORMATION]", ,Y,"[REDACTED, MAY CONTAIN CONFIDENTIAL BUSINESS INFORMATION]", ,Y,"General Motors, LLC", , ,,, ,Y,Yes (specify below),CA,Yes,ADS,Cruise LLC, , ,Y, ,Y, , , ,,JUL-2023, ,JUL-2023,22:34, ,0c8da6d17337ae5,[MAY CONTAIN PERSONALLY IDENTIFIABLE INFORMATION], ,[MAY CONTAIN PERSONALLY IDENTIFIABLE INFORMATION], ,[MAY CONTAIN PERSONALLY IDENTIFIABLE INFORMATION], ,San Francisco, ,CA ,[MAY CONTAIN PERSONALLY IDENTIFIABLE INFORMATION], ,Street,Dry,No Unusual Conditions,25, ,Dark - Lighted,Y, , , , , , , ,,SUV,No Injuries Reported,Yes,Proceeding Straight,No,No, ,Y, , , , , , , , , ,Proceeding Straight,No,No,No Passengers in Vehicle,1, , , , , , , , ,Y, , , ,Y, ,Y, ,Y,Y, , ,Yes,San Francisco Police Department, ,Yes,[MAY CONTAIN PERSONALLY IDENTIFIABLE INFORMATION], ,,Y,,Y,"[REDACTED, MAY CONTAIN CONFIDENTIAL BUSINESS INFORMATION]",Y,"A Cruise autonomous vehicle (""AV""), operating in driverless autonomous mode, was at a complete stop in response to a red light in the leftmost turn lane on westbound [XXX] at the intersection with [XXX]. When the light turned green, both the AV and a GMC Yukon in the adjacent lane attempted a left turn onto southbound [XXX]. The AV veered slightly to the right into the [XXX] before attempting its left turn, making contact as the Yukon began its turn. This caused damage to the AV's front passenger side radar assembly. The driver of the GMC Yukon left the scene without exchanging information. There were no reported injuries.",
30531-8648,1,Transdev Alternative Services,Monthly,8,2024,SEP-2024,SADHW2S19M1, ,N/A,Jaguar,I-Pace, ,2021, ,99b9ecada3831d4,51747, ,In-Vehicle (Commercial / Test),5th Generation ADS, , ,5th Generation, , ,Version 9, , ,Waymo LLC, , ,,, ,Y,Yes (specify below),"CA DMV, CA PUC",Yes,ADS,Waymo LLC, , ,Y, , , , , ,,AUG-2024, ,AUG-2024,10:57, ,61933601d199eeb,[MAY CONTAIN PERSONALLY IDENTIFIABLE INFORMATION], ,[MAY CONTAIN PERSONALLY IDENTIFIABLE INFORMATION], ,[MAY CONTAIN PERSONALLY IDENTIFIABLE INFORMATION], ,Los Angeles, ,CA ,[MAY CONTAIN PERSONALLY IDENTIFIABLE INFORMATION], ,Street,Dry,No Unusual Conditions,35, ,Daylight,Y, , , , , , , ,,SUV,No Injuries Reported,Yes,Proceeding Straight,No,No, , ,Y, , ,Y, , ,Y, , ,Proceeding Straight,No,No,Yes,2, ,Y, , ,Y, , ,Y, , , , , , ,Y, ,Y,Y, , ,No,, ,Yes,, ,, ,, ,Yes, ,"On August [XXX], 2024 at 10:57 AM PT a Waymo Autonomous Vehicle (""Waymo AV"") operating in Los Angeles, California was in a collision involving an SUV on [XXX] at [XXX].
The Waymo AV was traveling in the leftmost of the two southbound lanes on [XXX] when it began to brake to yield to stopped traffic ahead.  Simultaneously, an SUV that was previously in the right lane changed lanes and approached the Waymo AV closely from behind.  As the Waymo AV continued to slow, the SUV made contact with the rear of the Waymo AV.  The SUV then reversed, drove across the curbed, grass median, and proceeded to travel north on [XXX].  At the time of the impact, the Waymo AV's Level 4 ADS was engaged in autonomous mode, and a test driver was present (in the driver's seating position).  Both vehicles sustained damage.
This is a duplicate of NHTSA report ID: 30270-8626-1.",
30270-8626,1,Waymo LLC,Monthly,8,2024,SEP-2024,SADHW2S19M1, ,N/A,Jaguar,I-Pace, ,2021, ,99b9ecada3831d4,51747, ,In-Vehicle (Commercial / Test),5th Generation ADS, , ,5th Generation, , ,Version 9, , ,Transdev Alternative Services, , ,,, ,Y,Yes (specify below),"CA DMV, CA PUC ",Yes,ADS,Waymo LLC, , ,Y, , , , , ,,AUG-2024, ,AUG-2024,10:57, ,61933601d199eeb,[MAY CONTAIN PERSONALLY IDENTIFIABLE INFORMATION], ,[MAY CONTAIN PERSONALLY IDENTIFIABLE INFORMATION], ,[MAY CONTAIN PERSONALLY IDENTIFIABLE INFORMATION], ,Los Angeles, ,CA ,[MAY CONTAIN PERSONALLY IDENTIFIABLE INFORMATION], ,Street,Dry,No Unusual Conditions,35, ,Daylight,Y, , , , , , , ,,SUV,No Injuries Reported,Yes,Proceeding Straight,No,No, , ,Y, , ,Y, , ,Y, , ,Proceeding Straight,No,No,Yes,2, ,Y, , ,Y, , ,Y, , , , , , ,Y, ,Y,Y, , ,No,, ,Yes,, ,, ,, ,Yes, ,"On August [XXX], 2024 at 10:57 AM PT a Waymo Autonomous Vehicle (""Waymo AV"") operating in Los Angeles, California was in a collision involving an SUV on [XXX] at [XXX].
The Waymo AV was traveling in the leftmost of the two southbound lanes on [XXX] when it began to brake to yield to stopped traffic ahead. Simultaneously, an SUV that was previously in the right lane changed lanes and approached the Waymo AV closely from behind. As the Waymo AV continued to slow, the SUV made contact with the rear of the Waymo AV. The SUV then reversed, drove across the curbed, grass median, and proceeded to travel north on [XXX]. At the time of the impact, the Waymo AV's Level 4 ADS was engaged in autonomous mode, and a test driver was present (in the driver's seating position). Both vehicles sustained damage.
Waymo is reporting this crash under Request No. 2 of Standing General Order 2021-01. Waymo may supplement or correct its reporting with additional information as it may become available.",
30270-8625,1,Waymo LLC,Monthly,8,2024,SEP-2024,SADHW2S1XR1, ,N/A,Jaguar,I-Pace, ,2024, ,932252289f3d948,2154, ,None,5th Generation ADS, , ,5th Generation, , ,Version 9, , ,, ,Y,,, ,Y,Yes (specify below),"CA DMV, CA PUC",Yes,ADS,Waymo LLC, , ,Y, , , , , ,,AUG-2024, ,AUG-2024,00:14, ,ed90a2780572f50,[MAY CONTAIN PERSONALLY IDENTIFIABLE INFORMATION], ,[MAY CONTAIN PERSONALLY IDENTIFIABLE INFORMATION], ,[MAY CONTAIN PERSONALLY IDENTIFIABLE INFORMATION], ,San Francisco, ,CA ,[MAY CONTAIN PERSONALLY IDENTIFIABLE INFORMATION], ,Intersection,Dry,No Unusual Conditions,35, ,Dark - Lighted,Y, , , , , , , ,,SUV,No Injuries Reported,Yes,Proceeding Straight,No,No, , , , , , , , ,Y, , ,Stopped,No,No,No Passengers in Vehicle,0, ,Y, , , , , , , , , , , , ,Y, ,Y,Y, , ,No,, ,Yes,, ,, ,, ,Yes, ,"On August [XXX], 2024 at 12:14 AM PT a Waymo Autonomous Vehicle (""""Waymo AV"") operating in San Francisco, California was in a collision involving an SUV on [XXX] at [XXX].
The Waymo AV was stopped for a red light in the center of three lanes on northbound [XXX] at the intersection with [XXX]. While the Waymo AV remained stopped, an SUV traveling partially in the leftmost lane and partially in the same lane as the Waymo AV approached the Waymo AV from behind. The front passenger corner of the SUV then made contact with the rear driver side corner of the stopped Waymo AV. At the time of the impact, the Waymo AV's Level 4 ADS was engaged in autonomous mode. Both vehicles sustained damage.
Waymo is reporting this crash under Request No. 2 of Standing General Order 2021-01. Waymo may supplement or correct its reporting with additional information as it may become available.",
30270-8622,1,Waymo LLC,Monthly,8,2024,SEP-2024,SADHW2S14R1, ,N/A,Jaguar,I-Pace, ,2024, ,fb4b507fa0fd555,14832, ,None,5th Generation ADS, , ,5th Generation, , ,Version 9, , ,, ,Y,,, ,Y,Yes (specify below),"CA DMV, CA PUC ",Yes,ADS,Waymo LLC, , ,Y, , , , , ,,AUG-2024, ,AUG-2024,15:57, ,c82737ce9140d5e,[MAY CONTAIN PERSONALLY IDENTIFIABLE INFORMATION], ,[MAY CONTAIN PERSONALLY IDENTIFIABLE INFORMATION], ,[MAY CONTAIN PERSONALLY IDENTIFIABLE INFORMATION], ,Los Angeles, ,CA ,[MAY CONTAIN PERSONALLY IDENTIFIABLE INFORMATION], ,Parking Lot,Dry,No Unusual Conditions,15, ,Daylight,Y, , , , , , , ,,SUV,No Injuries Reported,Yes,Passing,No,No, , , , , , , ,Y, , , ,Stopped,No,No,"No, see Narrative",0, ,Y, , , , , , , , , , , , ,Y, ,Y,Y, , ,No,, ,Yes,, ,, ,, ,Yes, ,"On August [XXX], 2024 at 3:57 PM PT a Waymo Autonomous Vehicle (""Waymo AV"") operating in Los Angeles, California was in a collision involving an SUV in a parking lot at [XXX]. 
The Waymo AV was stopped in a parking lot at [XXX] for a passenger pickup when an SUV that had previously been behind the Waymo AV proceeded to pass the Waymo AV on the left. While passing the stopped Waymo AV, the passenger side of the SUV made contact with the driver side rear of the Waymo AV. At the time of the impact, the Waymo AV's Level 4 ADS was engaged in autonomous mode, and neither of the two passengers were wearing a seatbelt. Both vehicles sustained damage. 
Waymo is reporting this crash under Request No. 2 of Standing General Order 2021-01 Waymo may supplement or correct its reporting with additional information as it may become available.",
30270-8618,1,Waymo LLC,Monthly,8,2024,SEP-2024,SADHW2S14M1, ,N/A,Jaguar,I-Pace, ,2021, ,0021ba1f541d01b,90797, ,None,5th Generation ADS, , ,5th Generation, , ,Version 9, , ,, ,Y,,, ,Y,Yes (specify below),"CA DMV, CA PUC",Yes,ADS,Waymo LLC, , ,Y, , , , , ,,AUG-2024, ,AUG-2024,10:06, ,743a6c677a3a6f2,[MAY CONTAIN PERSONALLY IDENTIFIABLE INFORMATION], ,[MAY CONTAIN PERSONALLY IDENTIFIABLE INFORMATION], ,[MAY CONTAIN PERSONALLY IDENTIFIABLE INFORMATION], ,San Francisco, ,CA ,[MAY CONTAIN PERSONALLY IDENTIFIABLE INFORMATION], ,Street,Dry,No Unusual Conditions,25, ,Daylight, , ,Y, , , , , ,,SUV,No Injuries Reported,Yes,Proceeding Straight,No,No, , , , , , , ,Y, , , ,Stopped,No,No,No Passengers in Vehicle,0, ,Y, , , , , , , , , , , , ,Y, ,Y,Y, , ,No,, ,Yes,, ,, ,, ,Yes, ,"On August [XXX], 2024 at 10:06 AM PT a Waymo Autonomous Vehicle (""Waymo AV"") operating in San Francisco, California was in a collision involving an SUV on [XXX] near [XXX].
The Waymo AV was traveling southbound on [XXX], which is a narrow street with rows of parked cars on both sides of the street. The AV slowed to a stop to yield to an oncoming SUV. As the oncoming SUV passed the stopped Waymo AV, the driver side of the SUV made contact with the rear driver side of the Waymo AV. At the time of the impact, the Waymo AV's Level 4 ADS was engaged in autonomous mode. The SUV sustained damage.
Waymo is reporting this crash under Request No. 2 of Standing General Order 2021-01. Waymo may supplement or correct its reporting with additional information as it may become available.",
30270-8610,1,Waymo LLC,Monthly,8,2024,SEP-2024,SADHW2S19M1, ,N/A,Jaguar,I-Pace, ,2021, ,778fffc33261129,69410, ,None,5th Generation ADS, , ,5th Generation, , ,Version 9, , ,, ,Y,,, ,Y,Yes (specify below),"CA DMV, CA PUC",Yes,ADS,Waymo LLC, , ,Y, , , , , ,,AUG-2024, ,AUG-2024,17:10, ,a95fa4a5e326ae5,[MAY CONTAIN PERSONALLY IDENTIFIABLE INFORMATION], ,[MAY CONTAIN PERSONALLY IDENTIFIABLE INFORMATION], ,[MAY CONTAIN PERSONALLY IDENTIFIABLE INFORMATION], ,San Francisco, ,CA ,[MAY CONTAIN PERSONALLY IDENTIFIABLE INFORMATION], ,Street,Dry,No Unusual Conditions,25, ,Daylight,Y, , , , , , , ,,SUV,No Injuries Reported,Yes,Backing,No,No, , , ,Y, , , , , , , ,Backing,No,No,Yes,3, , , ,Y, , , , , , , , , , ,Y, ,Y,Y, , ,No,, ,Yes,, ,, ,, ,Yes, ,"On August [XXX], 2024 at 5:10 PM PT a Waymo Autonomous Vehicle (""Waymo AV"") operating in San Francisco, California was in a collision involving an SUV on [XXX] at [XXX]. 
The Waymo AV was traveling northbound on [XXX] when it came to a stop behind a queue of traffic at the intersection with [XXX]. An SUV already at the intersection was occupying the opposing travel lane, facing northbound in the southbound lane of [XXX]. The SUV began to reverse from the opposing lane towards the northbound lane. The AV started to reverse away from the SUV, but the rear of the SUV made contact with the front driver side corner of the Waymo AV. At the time of the impact, the Waymo AV's Level 4 ADS was engaged in autonomous mode. The Waymo AV sustained damage.
Waymo is reporting this crash under Request No. 2 of Standing General Order 2021-01. Waymo may supplement or correct its reporting with additional information as it may become available.",
30270-8605,1,Waymo LLC,Monthly,8,2024,SEP-2024,SADHW2S10M1, ,N/A,Jaguar,I-Pace, ,2021, ,269b2953f5264a1,111454, ,None,5th Generation ADS, , ,5th Generation, , ,Version 9, , ,, ,Y,,, ,Y,Yes (specify below),"CA DMV, CA PUC",Yes,ADS,Waymo LLC, , ,Y, , , , , ,,AUG-2024, ,AUG-2024,10:12, ,b49f2ebdba44267,[MAY CONTAIN PERSONALLY IDENTIFIABLE INFORMATION], ,[MAY CONTAIN PERSONALLY IDENTIFIABLE INFORMATION], ,[MAY CONTAIN PERSONALLY IDENTIFIABLE INFORMATION], ,San Francisco, ,CA ,[MAY CONTAIN PERSONALLY IDENTIFIABLE INFORMATION], ,Street,Dry,No Unusual Conditions,15, ,Daylight, , ,Y, , , , , ,,SUV,No Injuries Reported,Yes,Proceeding Straight,No,No, , , , , , , , ,Y, , ,Parked,No,No,No Passengers in Vehicle,0, ,Y, , , , , , , , , , , , ,Y, ,Y,Y, , ,No,, ,Yes,, ,, ,, ,Yes, ,"On August [XXX], 2024 at 10:12 AM PT a Waymo Autonomous Vehicle (""Waymo AV"") operating in San Francisco, California was in a collision involving an SUV on [XXX] at [XXX]. 
The Waymo AV was stopped on northeastbound [XXX] for a passenger pickup. While the Waymo AV remained stopped, an SUV made a right turn from northwestbound [XXX] onto northeastbound [XXX] and approached the Waymo AV from behind at a low rate of speed. The front passenger side of the SUV then made contact with the rear driver side of the stopped Waymo AV. The SUV then reversed through southwestbound [XXX] and proceeded to travel northwestbound on [XXX]. At the time of the impact, the Waymo AV's Level 4 ADS was engaged in autonomous mode. The Waymo AV sustained damage.
Waymo is reporting this crash under Request No. 2 of Standing General Order 2021-01. Waymo may supplement or correct its reporting with additional information as it may become available.",
30270-8603,1,Waymo LLC,Monthly,8,2024,SEP-2024,SADHW2S19R1, ,N/A,Jaguar,I-Pace, ,2024, ,2030dc3f9cdb82c,22069, ,None,5th Generation ADS, , ,5th Generation, , ,Version 9, , ,, ,Y,,, ,Y,Yes (specify below),"CA DMV, CA PUC",Yes,ADS,Waymo LLC, , ,Y, , , , , ,,AUG-2024, ,AUG-2024,11:35, ,0e857f04e0ad004,[MAY CONTAIN PERSONALLY IDENTIFIABLE INFORMATION], ,[MAY CONTAIN PERSONALLY IDENTIFIABLE INFORMATION], ,[MAY CONTAIN PERSONALLY IDENTIFIABLE INFORMATION], ,Santa Monica, ,CA ,[MAY CONTAIN PERSONALLY IDENTIFIABLE INFORMATION], ,Street,Dry,No Unusual Conditions,30, ,Daylight,Y, , , , , , , ,,SUV,No Injuries Reported,Yes,Backing,No,No,Y, , , , , , , , , , ,Stopped,No,No,"No, see Narrative",0, , , , , , , , ,Y, , , , , ,Y, ,Y,Y, , ,No,, ,Yes,, ,, ,, ,Yes, ,"On August [XXX], 2024 at 11:35 AM PT a Waymo Autonomous Vehicle (""Waymo AV"") operating in Los Angeles, California was in a collision involving a SUV on [XXX] at [XXX].
The Waymo AV was traveling northeastbound on [XXX] and came to a stop perpendicular to a row of parking stalls for passenger drop off. The passenger in the Waymo AV opened the rear passenger side door while a SUV began reversing out of one of the parking stalls. The driver side left rear corner of the SUV made contact with the open rear passenger door of the Waymo AV. At the time of the impact, the Waymo AV's Level 4 ADS was engaged in autonomous mode. 
Waymo is reporting this crash under Request No. 2 of Standing General Order 2021-01. Waymo may supplement or correct its reporting with additional information as it may become available. Both vehicles sustained damage.",
30270-8600,1,Waymo LLC,Monthly,8,2024,SEP-2024,SADHW2S1XR1, ,N/A,Jaguar,I-Pace, ,2024, ,46b3799ef969057,16788, ,None,5th Generation ADS, , ,5th Generation, , ,Version 9, , ,, ,Y,,, ,Y,Yes (specify below),"CA DMV, CA PUC",Yes,ADS,Waymo LLC, , ,Y, , , , , ,,AUG-2024, ,AUG-2024,20:25, ,954714c0ef93c9b,[MAY CONTAIN PERSONALLY IDENTIFIABLE INFORMATION], ,[MAY CONTAIN PERSONALLY IDENTIFIABLE INFORMATION], ,[MAY CONTAIN PERSONALLY IDENTIFIABLE INFORMATION], ,San Francisco, ,CA ,[MAY CONTAIN PERSONALLY IDENTIFIABLE INFORMATION], ,Street,Dry,No Unusual Conditions,25, ,Dawn / Dusk, , ,Y, , , , , ,,SUV,No Injuries Reported,Yes,Crossing into Opposing Lane,No,No, ,Y, , , , , , , , , ,Stopped,No,No,Yes,0, ,Y, , , , , , , , , , , , ,Y, ,Y,Y, , ,No,, ,Yes,, ,, ,, ,Yes, ,"On August [XXX], 2024 at 8:25 PM PT a Waymo Autonomous Vehicle (""Waymo AV"") operating in San Francisco, California was in a collision involving an SUV on [XXX] at [XXX].
The Waymo AV was traveling eastbound on [XXX] and had just crossed [XXX] when it came to a stop behind a van that had been involved in a collision. An SUV traveling westbound on [XXX] had struck a parked car, then veered left and had also struck the van. The SUV then proceeded past the van and the driver side of the SUV made contact with the rear left corner of the stopped Waymo AV. The SUV left the scene, driving on the wrong side of the road and without stopping at a stop sign. At the time of the impact, the Waymo AV's Level 4 ADS was engaged in autonomous mode. The Waymo AV sustained damage.
Waymo is reporting this crash under Request No. 2 of Standing General Order 2021-01. Waymo may supplement or correct its reporting with additional information as it may become available.",
30270-8599,1,Waymo LLC,Monthly,8,2024,SEP-2024,SADHW2S17R1, ,N/A,Jaguar,I-Pace, ,2024, ,63253074c9e64f2,69, ,None,5th Generation ADS, , ,5th Generation, , ,Version 9, , ,, ,Y,,, ,Y,Yes (specify below),"CA DMV, CA PUC",Yes,ADS,Waymo LLC, , ,Y, , , , , ,,AUG-2024, ,AUG-2024,10:05, ,e60b1911a5ec847,[MAY CONTAIN PERSONALLY IDENTIFIABLE INFORMATION], ,[MAY CONTAIN PERSONALLY IDENTIFIABLE INFORMATION], ,[MAY CONTAIN PERSONALLY IDENTIFIABLE INFORMATION], ,Los Angeles, ,CA ,[MAY CONTAIN PERSONALLY IDENTIFIABLE INFORMATION], ,Street,Dry,No Unusual Conditions,35, ,Daylight,Y, , , , , , , ,,SUV,No Injuries Reported,Yes,Crossing into Opposing Lane,No,No, , , , , , , ,Y, , , ,Stopped,No,No,No Passengers in Vehicle,0, ,Y, , , , , , , , , , , , ,Y, ,Y,Y, , ,No,, ,Yes,, ,, ,, ,Yes, ,"On August [XXX], 2024 at 10:05 AM PT a Waymo Autonomous Vehicle (""Waymo AV"") operating in Los Angeles, California was in a collision involving an SUV on [XXX] near [XXX]. 
The Waymo AV was stopped in traffic in the leftmost lane of a two-lane section of westbound [XXX], just before the road widened to include a dedicated left turn lane in lane three. While the Waymo AV remained stopped, an SUV approached the Waymo AV from behind and partially entered the oncoming lanes of [XXX] to maneuver around the Waymo AV and proceed into the dedicated left turn lane. As the SUV was passing the stopped Waymo AV, the passenger side of the SUV made contact with the rear driver side corner of the Waymo AV. At the time of the impact, the Waymo AV's Level 4 ADS was engaged in autonomous mode. Both vehicles sustained damage and the SUV left the scene.
Waymo is reporting this crash under Request No. 2 of Standing General Order 2021-01. Waymo may supplement or correct its reporting with additional information as it may become available.",
30270-8581,1,Waymo LLC,5-Day,,,SEP-2024,SADHW2S17R1, ,N/A,Jaguar,I-Pace, ,2024, ,bb7a95e3244d782,531, ,None,5th Generation ADS, , ,5th Generation, , ,Version 9, , ,, ,Y,,, ,Y,Yes (specify below),"CA DMV, CA PUC",Yes,ADS,Waymo LLC, , ,Y, , , , , ,,SEP-2024, ,SEP-2024,04:40, ,3144060ca1e6ad5,[MAY CONTAIN PERSONALLY IDENTIFIABLE INFORMATION], ,[MAY CONTAIN PERSONALLY IDENTIFIABLE INFORMATION], ,[MAY CONTAIN PERSONALLY IDENTIFIABLE INFORMATION], ,San Francisco, ,CA ,[MAY CONTAIN PERSONALLY IDENTIFIABLE INFORMATION], ,Street,Dry,No Unusual Conditions,25, ,Dark - Lighted,Y, , , , , , , ,,SUV,No Injuries Reported,Yes,Proceeding Straight,No,No, ,Y, , , , , , , , , ,Stopped,No,Yes,Yes,0, , , , , , , , ,Y, , , , , ,Y, ,Y,Y, , ,Yes,San Francisco Police Department, ,Yes,[MAY CONTAIN PERSONALLY IDENTIFIABLE INFORMATION], ,[MAY CONTAIN PERSONALLY IDENTIFIABLE INFORMATION], ,,Y,Yes, ,"On September [XXX], 2024 at 4:40 AM PT a Waymo Autonomous Vehicle (""Waymo AV"") operating in San Francisco, California was in a collision involving an SUV on [XXX] at [XXX]. 
The Waymo AV came to a stop for a red traffic light at the intersection with [XXX] in the leftmost of two southbound lanes on [XXX], next to a passenger vehicle stopped in the right lane. While the light was still red, an SUV came to a stop in the right lane behind the passenger vehicle, with a police car following behind. A police officer exited the vehicle with their firearm drawn and approached the SUV, and the SUV began to drive away, driving between the passenger car and the Waymo AV, making contact with the passenger side of the Waymo AV before continuing southbound on [XXX] through the red light. At the time of the impact, the Waymo AV's Level 4 ADS was engaged in autonomous mode. Both vehicles sustained damage.
Waymo is reporting this crash under Request No. 1 of Standing General Order 2021-01 because a vehicle involved was towed away. Waymo may supplement or correct its reporting with additional information as it may become available.",
30270-8541,1,Waymo LLC,5-Day,,,SEP-2024,SADHW2S15R1, ,N/A,Jaguar,I-Pace, ,2024, ,73a71fbce9aa58b,6205, ,None,5th Generation ADS, , ,5th Generation, , ,Version 9, , ,, ,Y,,, ,Y,Yes (specify below),"CA DMV, CA PUC",Yes,ADS,Waymo LLC, , ,Y, , , , , ,,SEP-2024, ,SEP-2024,12:37, ,4a353641b80a151,[MAY CONTAIN PERSONALLY IDENTIFIABLE INFORMATION], ,[MAY CONTAIN PERSONALLY IDENTIFIABLE INFORMATION], ,[MAY CONTAIN PERSONALLY IDENTIFIABLE INFORMATION], ,San Francisco, ,CA ,[MAY CONTAIN PERSONALLY IDENTIFIABLE INFORMATION], ,Street,Dry,No Unusual Conditions,15, ,Daylight,Y, , , , , , , ,,SUV,No Injuries Reported,Yes,Passing,No,No, , , , , , , ,Y, , , ,Stopped,No,Yes,"No, see Narrative",0, , ,Y, , , , , , , , , , , ,Y, ,Y,Y, , ,No,, ,Yes,, ,, ,, ,Yes, ,"On September [XXX], 2024 at 12:37 PM PT a Waymo Autonomous Vehicle (""Waymo AV"") operating in San Francisco, California was in a collision involving a passenger car on [XXX] at [XXX]. 
The Waymo AV was traveling southeastbound on [XXX] and came to a stop for a passenger drop off. A rider in the Waymo AV opened the rear driver side door as a passenger car was passing to the left side of the Waymo AV.  The Waymo AV's rear driver side door made contact with the passenger side of the passenger car. The passengers in the vehicle were not belted at the time of impact, likely because the vehicle was at a dropoff location and they were preparing to exit. At the time of the impact, the Waymo AV's Level 4 ADS was engaged in autonomous mode. Both vehicles sustained damage.
Waymo is reporting this crash under Request No. 1 of Standing General Order 2021-01 because a vehicle involved was towed away.  Waymo may supplement or correct its reporting with additional information as it may become available",
30270-7157,3,Waymo LLC,Update,,,AUG-2024,SADHW2S13M1, ,N/A,Jaguar,I-Pace, ,2021, ,9d2f60156197a6a,56344, ,None,5th Generation, , ,5th Generation, , ,Version 8, , ,, ,Y,,, ,Y,Yes (specify below),"CA DMV, CA PUC",Yes,ADS,Waymo LLC, , ,Y, , , , , ,,JAN-2024, ,JAN-2024,12:04, ,1856b0e9c61d103,[MAY CONTAIN PERSONALLY IDENTIFIABLE INFORMATION], ,[MAY CONTAIN PERSONALLY IDENTIFIABLE INFORMATION], ,[MAY CONTAIN PERSONALLY IDENTIFIABLE INFORMATION], ,Los Angeles, ,CA ,[MAY CONTAIN PERSONALLY IDENTIFIABLE INFORMATION], ,Street,Dry,No Unusual Conditions,25, ,Daylight,Y, , , , , , , ,,SUV,Unknown,Yes,Proceeding Straight,No,No, ,Y, , , , , , , , , ,Stopped,No,No,"No, see Narrative",0, ,Y, , , , , , , , , , , , ,Y, ,Y,Y, , ,No,, ,Yes,, ,, ,, ,Yes, ,"Waymo is submitting a second update to the report for this event, which Waymo submitted to NHTSA originally on February 15, 2024 and updated on April 30, 2024 [REDACTED, MAY CONTAIN CONFIDENTIAL BUSINESS INFORMATION]. Waymo is submitting this update because it has received a claim for injuries for three passengers in the SUV. The claim did not provide more specific information about the nature or severity of the injuries. This change is also reflected in the ""Highest Injury Severity Alleged"" field. Otherwise, the content of this report is unchanged from the previous report submitted. 
On January [XXX], 2023 at 12:05 PM PT a Waymo Autonomous Vehicle (""Waymo AV"") operating in Los Angeles, California was in a collision involving an SUV on [XXX] at [XXX].  
The Waymo AV was traveling northbound on [XXX] when it came to a stop to yield to an oncoming vehicle in a narrow roadway with parked vehicles on both sides of the street. As the oncoming SUV passed the Waymo AV, the driver's side rear of the SUV made contact with the driver's side rear of the Waymo AV. At the time of the impact, the Waymo AV's Level 4 ADS was engaged in autonomous mode, and the passengers were in the process of putting on their seatbelts just after entering the Waymo AV. The Waymo AV sustained damage and the SUV left the scene. 
Waymo is reporting this crash under Request No. 2 of Standing General Order 2021-01. Waymo may supplement or correct its reporting with additional information as it may become available.",