Report ID,Report Version,Reporting Entity,Report Type,Report Month,Report Year,Report Submission Date,VIN,VIN - Unknown,Serial Number,Make,Model,Model - Unknown,Model Year,Model Year - Unknown,Same Vehicle ID,Mileage,Mileage - Unknown,Driver / Operator Type,ADAS/ADS System Version,ADAS/ADS System Version - Unk,ADAS/ADS System Version CBI,ADAS/ADS Hardware Version,ADAS/ADS Hardware Version - Unk,ADAS/ADS Hardware Version CBI,ADAS/ADS Software Version,ADAS/ADS Software Version - Unk,ADAS/ADS Software Version CBI,Other Reporting Entities?,Other Reporting Entities? - Unk,Other Reporting Entities? - NA,Federal Regulatory Exemption?,Other Federal Reg. Exemption,Federal Reg. Exemption - Unk,Federal Reg. Exemption - No,State or Local Permit?,State or Local Permit,ADS Equipped?,Automation System Engaged?,Operating Entity,Operating Entity - Unknown,Source - Complaint/Claim,Source - Telematics,Source - Law Enforcement,Source - Field Report,Source - Testing,Source - Media,Source - Other,Source - Other Text,Incident Date,Incident Date - Unknown,Notice Received Date,Incident Time (24:00),Incident Time - Unknown,Same Incident ID,Latitude,Latitude - Unknown,Longitude,Longitude - Unknown,Address,Address - Unknown,City,City - Unknown,State,Zip Code,Zip Code - Unknown,Roadway Type,Roadway Surface,Roadway Description,Posted Speed Limit (MPH),Posted Speed Limit - Unknown,Lighting,Weather - Clear,Weather - Snow,Weather - Cloudy,Weather - Fog/Smoke,Weather - Rain,Weather - Severe Wind,Weather - Unknown,Weather - Other,Weather - Other Text,Crash With,Highest Injury Severity Alleged,Property Damage?,CP Pre-Crash Movement,CP Any Air Bags Deployed?,CP Was Vehicle Towed?,CP Contact Area - Rear Left,CP Contact Area - Left,CP Contact Area - Front Left,CP Contact Area - Rear,CP Contact Area - Top,CP Contact Area - Front,CP Contact Area - Rear Right,CP Contact Area - Right,CP Contact Area - Front Right,CP Contact Area - Bottom,CP Contact Area - Unknown,SV Pre-Crash Movement,SV Any Air Bags Deployed?,SV Was Vehicle Towed?,SV Were All Passengers Belted?,SV Precrash Speed (MPH),SV Pre-crash Speed - Unknown,SV Contact Area - Rear Left,SV Contact Area - Left,SV Contact Area - Front Left,SV Contact Area - Rear,SV Contact Area - Top,SV Contact Area - Front,SV Contact Area - Rear Right,SV Contact Area - Right,SV Contact Area - Front Right,SV Contact Area - Bottom,SV Contact Area - Unknown,Data Availability - EDR,Data Availability - Police Rpt,Data Availability - Telematics,Data Availability - Complaints,Data Availability - Video,Data Availability - Other,Data Availability - No Data,Data Availability - Unknown,Law Enforcement Investigating?,Investigating Agency,Investigating Agency - Unknown,Rep Ent Or Mfr Investigating?,Investigating Officer Name,Inv. Officer Name - Unknown,Investigating Officer Phone,Inv. Officer Phone - Unknown,Investigating Officer Email,Inv. Officer Email - Unknown,Within ODD?,Within ODD? - CBI,Narrative,Narrative - CBI?
30270-8406,1,Waymo LLC,Monthly,7,2024,AUG-2024,SADHW2S1XR1, ,N/A,Jaguar,I-Pace, ,2024, ,26e4520dfdbdbb5,7345, ,None,5th Generation ADS, , ,5th Generation, , ,Version 9, , ,, ,Y,,, ,Y,Yes (specify below),"CA DMV, CA PUC",Yes,ADS,Waymo LLC, , ,Y, , , , , ,,JUL-2024, ,JUL-2024,04:58, ,32e6f43c1ede135,[MAY CONTAIN PERSONALLY IDENTIFIABLE INFORMATION], ,[MAY CONTAIN PERSONALLY IDENTIFIABLE INFORMATION], ,[MAY CONTAIN PERSONALLY IDENTIFIABLE INFORMATION], ,San Francisco, ,CA ,[MAY CONTAIN PERSONALLY IDENTIFIABLE INFORMATION], ,Street,Dry,No Unusual Conditions,25, ,Dark - Lighted,Y, , , , , , , ,,SUV,No Injuries Reported,Yes,Parking Maneuver,No,No,Y, , , , , , , , , , ,Parked,No,No,No Passengers in Vehicle,0, , , , , , ,Y, , , , , , , ,Y, ,Y,Y, , ,No,, ,Yes,, ,, ,, ,Yes, ,"On July [XXX], 2024 at 4:58 AM PT a Waymo Autonomous Vehicle (""Waymo AV"") operating in San Francisco, California was in a collision involving an SUV on [XXX] near [XXX].
The Waymo AV was parked at the curb on eastbound [XXX] when an SUV in front of the Waymo AV began to reverse to parallel park. The rear driver side corner of the SUV made contact with the front of the Waymo AV. At the time of the impact, the Waymo AV's Level 4 ADS was engaged in autonomous mode. The Waymo AV sustained damage.
Waymo is reporting this crash under Request No. 2 of Standing General Order 2021-01. Waymo may supplement or correct its reporting with additional information as it may become available.",
30270-8402,1,Waymo LLC,Monthly,7,2024,AUG-2024,SADHW2S16R1, ,N/A,Jaguar,I-Pace, ,2024, ,31dc848274f8f1f,9894, ,None,5th Generation ADS, , ,5th Generation, , ,Version 9, , ,, ,Y,,, ,Y,Yes (specify below),"CA DMV, CA PUC",Yes,ADS,Waymo LLC, , ,Y, , , , , ,,JUL-2024, ,JUL-2024,16:35, ,30cdda3761c6785,[MAY CONTAIN PERSONALLY IDENTIFIABLE INFORMATION], ,[MAY CONTAIN PERSONALLY IDENTIFIABLE INFORMATION], ,[MAY CONTAIN PERSONALLY IDENTIFIABLE INFORMATION], ,San Francisco, ,CA ,[MAY CONTAIN PERSONALLY IDENTIFIABLE INFORMATION], ,Street,Dry,No Unusual Conditions,20, ,Daylight,Y, , , , , , , ,,SUV,No Injuries Reported,Yes,Changing Lanes,No,No, , , , , , , ,Y, , , ,Stopped,No,No,"No, see Narrative",0, ,Y, , , , , , , , , , , , ,Y, ,Y,Y, , ,No,, ,Yes,, ,, ,, ,Yes, ,"On August [XXX], 2024 at 4:35 PM PT a Waymo Autonomous Vehicle (""Waymo AV"") operating in San Francisco, California was in a collision involving a passenger car on {XXX] at [XXX]. 
The Waymo AV was stopped on [XXX] for a passenger pickup when a passenger car that was behind the Waymo AV attempted to pass the Waymo AV on the left and made contact with the rear driver side corner of the Waymo AV. At the time of the impact, the Waymo AV's Level 4 ADS was engaged in autonomous mode.  The Waymo AV did not sustain damage and the passenger car left the scene.
Waymo is reporting this crash under Request No. 2 of Standing General Order 2021-01.  Waymo may supplement or correct its reporting with additional information as it may become available.",
30270-8401,1,Waymo LLC,Monthly,7,2024,AUG-2024,SADHW2S10R1, ,N/A,Jaguar,I-Pace, ,2024, ,227d560ccb53053,19267, ,None,5th Generation ADS, , ,5th Generation, , ,Version 9, , ,, ,Y,,, ,Y,Yes (specify below),"CA DMV, CA PUC",Yes,ADS,Waymo LLC, , ,Y, , , , , ,,JUL-2024, ,JUL-2024,23:59, ,a8d01f2a05f21f7,[MAY CONTAIN PERSONALLY IDENTIFIABLE INFORMATION], ,[MAY CONTAIN PERSONALLY IDENTIFIABLE INFORMATION], ,[MAY CONTAIN PERSONALLY IDENTIFIABLE INFORMATION], ,San Francisco, ,CA ,[MAY CONTAIN PERSONALLY IDENTIFIABLE INFORMATION], ,Street,Dry,No Unusual Conditions,20, ,Dark - Lighted,Y, , , , , , , ,,SUV,No Injuries Reported,Yes,Backing,No,No, , , ,Y, , , , , , , ,Backing,No,No,No Passengers in Vehicle,2, , , , , , ,Y, , , , , , , ,Y, ,Y,Y, , ,No,, ,Yes,, ,, ,, ,Yes, ,"On July [XXX], 2024 at 11:59 PM PT a Waymo Autonomous Vehicle (""Waymo AV"") operating in San Francisco, California was in a collision involving a SUV on [XXX] at [XXX]. 
The Waymo AV was traveling northbound on [XXX] and came to a stop at a red light. The stopped SUV in front of the Waymo began reversing. The Waymo AV started to reverse as the SUV approached, but the rear of the SUV made contact with the front of the Waymo AV. At the time of the impact, the Waymo AV's Level 4 ADS was engaged in autonomous mode. Both vehicles sustained damage.
Waymo is reporting this crash under Request No. 2 of Standing General Order 2021-01. Waymo may supplement or correct its reporting with additional information as it may become available.",
30270-8393,1,Waymo LLC,Monthly,7,2024,AUG-2024,SADHW2S11R1, ,N/A,Jaguar,I-Pace, ,2024, ,2b20be3a4efd743,1792, ,None,5th Generation ADS, , ,5th Generation, , ,Version 9, , ,, ,Y,,, ,Y,Yes (specify below),"CA DMV, CA PUC",Yes,ADS,Waymo LLC, , ,Y, , , , , ,,JUL-2024, ,JUL-2024,16:13, ,42fcf7b6efdfcc2,[MAY CONTAIN PERSONALLY IDENTIFIABLE INFORMATION], ,[MAY CONTAIN PERSONALLY IDENTIFIABLE INFORMATION], ,[MAY CONTAIN PERSONALLY IDENTIFIABLE INFORMATION], ,San Francisco, ,CA ,[MAY CONTAIN PERSONALLY IDENTIFIABLE INFORMATION], ,Street,Dry,No Unusual Conditions,20, ,Daylight,Y, , , , , , , ,,SUV,No Injuries Reported,Yes,Passing,No,No, ,Y, , , , , , , , , ,Stopped,No,No,"No, see Narrative",0, , , , , , , , ,Y, , , , , ,Y, ,Y,Y, , ,No,, ,Yes,, ,, ,, ,Yes, ,"On July [XXX], 2024 at 4:13 PM PT a Waymo Autonomous Vehicle (""Waymo AV"") operating in San Francisco, California was in a collision involving an SUV on [XXX] at [XXX].
The Waymo AV was stopped at a traffic light on southbound [XXX] when an SUV began passing the Waymo AV on the right side. As the SUV passed, a passenger in the Waymo AV opened the rear passenger side door, making contact with the front driver's side door of the SUV. One passenger in the Waymo AV unbuckled their seatbelt shortly before the moment of impact, likely because the passenger was preparing to exit. At the time of the impact, the Waymo AV's Level 4 ADS was engaged in autonomous mode. The Waymo AV did not sustain any damage the driver of the SUV alleged that there was damage to the SUV.
Waymo is reporting this crash under Request No. 2 of Standing General Order 2021-01. Waymo may supplement or correct its reporting with additional information as it may become available.",
30270-8389,1,Waymo LLC,Monthly,7,2024,AUG-2024,SADHW2S16R1, ,N/A,Jaguar,I-Pace, ,2024, ,5e2e75bef42b5a4,9670, ,None,5th Generation ADS, , ,5th Generation, , ,Version 9, , ,, ,Y,,, ,Y,Yes (specify below),"CA DMV, CA PUC",Yes,ADS,Waymo LLC, , ,Y, , , , , ,,JUL-2024, ,JUL-2024,20:58, ,e6ab23dde26e260,[MAY CONTAIN PERSONALLY IDENTIFIABLE INFORMATION], ,[MAY CONTAIN PERSONALLY IDENTIFIABLE INFORMATION], ,[MAY CONTAIN PERSONALLY IDENTIFIABLE INFORMATION], ,San Francisco, ,CA ,[MAY CONTAIN PERSONALLY IDENTIFIABLE INFORMATION], ,Street,Dry,No Unusual Conditions,25, ,Dark - Lighted, , ,Y, , , , , ,,SUV,No Injuries Reported,Yes,Backing,No,No,Y, , , , , , , , , , ,Stopped,No,No,No Passengers in Vehicle,0, , , , , , ,Y, , , , , , , ,Y, ,Y,Y, , ,No,, ,Yes,, ,, ,, ,Yes, ,"On July [XXX], 2024 at 8:58 PM PT, a Waymo Autonomous Vehicle (""Waymo AV"") operating in San Francisco, California was in a collision involving an SUV on [XXX] at [XXX].
The Waymo AV was stopped in traffic for a red light on [XXX] when an SUV in front of the Waymo AV began to roll backwards. The SUV's rear passenger side corner made contact with the front of the Waymo AV. At the time of the impact, the Waymo AV's Level 4 ADS was engaged in autonomous mode. Both vehicles sustained damage.
Waymo is reporting this crash under Request No. 2 of Standing General Order 2021-01. Waymo may supplement or correct its reporting with additional information as it may become available.",
30270-8386,1,Waymo LLC,Monthly,7,2024,AUG-2024,SADHW2S18R1, ,N/A,Jaguar,I-Pace, ,2024, ,81cdf8cb9dc16f6,11124, ,None,5th Generation ADS, , ,5th Generation, , ,Version 9, , ,, ,Y,,, ,Y,Yes (specify below),"CA DMV, CA PUC",Yes,ADS,Waymo LLC, , ,Y, , , , , ,,JUL-2024, ,JUL-2024,16:27, ,507ca034d6ef5a6,[MAY CONTAIN PERSONALLY IDENTIFIABLE INFORMATION], ,[MAY CONTAIN PERSONALLY IDENTIFIABLE INFORMATION], ,[MAY CONTAIN PERSONALLY IDENTIFIABLE INFORMATION], ,San Francisco, ,CA ,[MAY CONTAIN PERSONALLY IDENTIFIABLE INFORMATION], ,Intersection,Dry,No Unusual Conditions,25, ,Daylight,Y, , , , , , , ,,SUV,No Injuries Reported,Yes,Proceeding Straight,No,No, , , , , ,Y, , , , , ,Stopped,No,No,Yes,0, , , , ,Y, , , , , , , , , ,Y, ,Y,Y, , ,No,, ,Yes,, ,, ,, ,Yes, ,"On July [XXX], 2024 at 4:27 PM PT a Waymo Autonomous Vehicle (""Waymo AV"") operating in San Francisco, California was in a collision involving an SUV on [XXX] at [XXX]. 
The Waymo AV was traveling in the middle of three southbound lanes of [XXX] and approached the intersection with [XXX]. The traffic light ahead of the Waymo AV was green but traffic in the intersection was slowing to a stop, resulting in a lack of space ahead for the Waymo AV to proceed completely through the intersection. The Waymo AV came to a stop before the intersection and the front of an SUV that was following behind the Waymo AV made contact with the rear of the Waymo AV. At the time of the impact, the Waymo AV's Level 4 ADS was engaged in autonomous mode. Both vehicles sustained damage.
Waymo is reporting this crash under Request No. 2 of Standing General Order 2021-01. Waymo may supplement or correct its reporting with additional information as it may become available.",
30270-8200,2,Waymo LLC,10-Day Update,,,JUL-2024,SADHW2S16R1, ,N/A,Jaguar,I-Pace, ,2024, ,1dddf6d386e6446,5287, ,None,5th Generation ADS, , ,5th Generation, , ,Version 9, , ,, ,Y,,, ,Y,Yes (specify below),"CA DMV, CA PUC						",Yes,ADS,Waymo LLC, , ,Y, , , , , ,,JUL-2024, ,JUL-2024,17:41, ,1c4aa40a2a04b1a,[MAY CONTAIN PERSONALLY IDENTIFIABLE INFORMATION], ,[MAY CONTAIN PERSONALLY IDENTIFIABLE INFORMATION], ,[MAY CONTAIN PERSONALLY IDENTIFIABLE INFORMATION], ,San Francisco, ,CA ,[MAY CONTAIN PERSONALLY IDENTIFIABLE INFORMATION], ,Intersection,Dry,No Unusual Conditions,25, ,Daylight,Y, , , , , , , ,,SUV,No Injuries Reported,Yes,Proceeding Straight,No,No, , , , , ,Y, , ,Y, , ,Stopped,No,No,No Passengers in Vehicle,0, ,Y, , ,Y, , , , , , , , , ,Y, ,Y,Y, , ,No,, ,Yes,, ,, ,, ,Yes, ,"The content of this report is unchanged from the initial report submitted on July 19, 2024 [REDACTED, MAY CONTAIN CONFIDENTIAL BUSINESS INFORMATION]. 
On Julu [XXX], 2024 at 5:41 PM PT a Waymo Autonomous Vehicle (Waymo AV) operating in San Francisco, California was in a collision involving an SUV on [XXX] at [XXX]. 
The Waymo AV was stopped facing a green traffic light on southeastbound [XXX] at the intersection with [XXX] to yield to a traffic control officer who was directing traffic in the crosswalk. While the Waymo AV remained stopped and the traffic light turned yellow, an SUV that had been stopped behind the Waymo AV approached the Waymo AV and made contact with the rear of the Waymo AV. When the traffic light ahead of the Waymo AV turned green and the Waymo AV remained stopped, the SUV reversed briefly and then changed lanes into the left adjacent lane to maneuver around the Waymo AV, making contact with the rear driver side corner of the Waymo AV. At the time of the impacts, the Waymo AVs Level 4 ADS was engaged in autonomous mode. Both vehicles sustained damage, and the SUV left the scene.
Waymo is reporting this crash under Request No. 1 of Standing General Order 2021-01 because a vulnerable road user influenced the driving task of a vehicle involved. Although the Waymo AV was towed, that happened for a reason unrelated to the crash so it was not covered by Request 1. D, which applies where ""the crash results in a vehicle tow-away."" Waymo may supplement or correct its reporting with additional information as it may become available.",
30270-8088,2,Waymo LLC,10-Day Update,,,JUL-2024,SADHW2S16M1, ,N/A,Jaguar,I-Pace, ,2021, ,90049d8b3034d29,73354, ,None,5th Generation ADS, , ,5th Generation, , ,Version 9, , ,, ,Y,,, ,Y,Yes (specify below),"CA DMV, CA PUC",Yes,ADS,Waymo LLC, , ,Y, , , , , ,,JUL-2024, ,JUL-2024,20:48, ,8cafb1314704254,[MAY CONTAIN PERSONALLY IDENTIFIABLE INFORMATION], ,[MAY CONTAIN PERSONALLY IDENTIFIABLE INFORMATION], ,[MAY CONTAIN PERSONALLY IDENTIFIABLE INFORMATION], ,San Francisco, ,CA ,[MAY CONTAIN PERSONALLY IDENTIFIABLE INFORMATION], ,Intersection,Dry,No Unusual Conditions,25, ,Dark - Lighted, , ,Y, , , , , ,,SUV,No Injuries Reported,Yes,Proceeding Straight,No,No, , , , , ,Y, , , , , ,Stopped,No,No,Yes,0, ,Y, , ,Y, , , , , , , , , ,Y, ,Y,Y, , ,No,, ,Yes,, ,, ,, ,Yes, ,"The content of this report is unchanged from the initial report submitted on July 13, 2024 [REDACTED, MAY CONTAIN CONFIDENTIAL BUSINESS INFORMATION]
On July [XXX], 2024 at 8:48 PM PT a Waymo Autonomous Vehicle (""Waymo AV"") operating in [XXX], California was in a collision involving a SUV on [XXX] at [XXX]. 
The Waymo AV was traveling north on [XXX] in the far right lane and came to a stop to yield to pedestrians walking in the crosswalk of [XXX] as it prepared to make a right turn onto [XXX]. A SUV that was traveling in the same lane behind the Waymo AV then made contact with the rear of the Waymo AV. At the time of the impact, the Waymo AV's Level 4 ADS was engaged in autonomous mode. Both vehicles sustained damage and the SUV left the scene.
Waymo is reporting this crash under Request No. 1 of Standing General Order 2021-01 because a vulnerable road user influenced the driving task of a vehicle involved. Waymo may supplement or correct its reporting with additional information as it may become available.",
30270-8200,1,Waymo LLC,1-Day,,,JUL-2024,SADHW2S16R1, ,N/A,Jaguar,I-Pace, ,2024, ,1dddf6d386e6446,5287, ,None,5th Generation ADS, , ,5th Generation, , ,Version 9, , ,, ,Y,,, ,Y,Yes (specify below),"CA DMV, CA PUC						",Yes,ADS,Waymo LLC, , ,Y, , , , , ,,JUL-2024, ,JUL-2024,17:41, ,1c4aa40a2a04b1a,[MAY CONTAIN PERSONALLY IDENTIFIABLE INFORMATION], ,[MAY CONTAIN PERSONALLY IDENTIFIABLE INFORMATION], ,[MAY CONTAIN PERSONALLY IDENTIFIABLE INFORMATION], ,San Francisco, ,CA ,[MAY CONTAIN PERSONALLY IDENTIFIABLE INFORMATION], ,Intersection,Dry,No Unusual Conditions,25, ,Daylight,Y, , , , , , , ,,SUV,No Injuries Reported,Yes,Proceeding Straight,No,No, , , , , ,Y, , ,Y, , ,Stopped,No,No,No Passengers in Vehicle,0, ,Y, , ,Y, , , , , , , , , ,Y, ,Y,Y, , ,No,, ,Yes,, ,, ,, ,Yes, ,"On July [XXX], 2024 at 5:41 PM PT a Waymo Autonomous Vehicle (Waymo AV) operating in [XXX], California was in a collision involving an SUV on [XXX] at [XXX]. 
The Waymo AV was stopped facing a green traffic light on southeastbound [XXX] at the intersection with Market Street to yield to a traffic control officer who was directing traffic in the crosswalk. While the Waymo AV remained stopped and the traffic light turned yellow, an SUV that had been stopped behind the Waymo AV approached the Waymo AV and made contact with the rear of the Waymo AV. When the traffic light ahead of the Waymo AV turned green and the Waymo AV remained stopped, the SUV reversed briefly and then changed lanes into the left adjacent lane to maneuver around the Waymo AV, making contact with the rear driver side corner of the Waymo AV. At the time of the impacts, the Waymo AVs Level 4 ADS was engaged in autonomous mode. Both vehicles sustained damage, and the SUV left the scene.
Waymo is reporting this crash under Request No. 1 of Standing General Order 2021-01 because a vulnerable road user influenced the driving task of a vehicle involved. Although the Waymo AV was towed, that happened for a reason unrelated to the crash so it was not covered by Request 1. D, which applies where ""the crash results in a vehicle tow-away."" Waymo may supplement or correct its reporting with additional information as it may become available.",
30270-8156,1,Waymo LLC,Monthly,6,2024,JUL-2024,SADHW2S18R1, ,N/A,Jaguar,I-Pace, ,2024, ,d642b99fb76068b,3200, ,None,5th Generation ADS, , ,5th Generation, , ,Version 9, , ,, ,Y,,, ,Y,Yes (specify below),"CA DMV, CA PUC						",Yes,ADS,Waymo LLC, , ,Y, , , , , ,,JUN-2024, ,JUN-2024,00:07, ,ac315e948c2c082,[MAY CONTAIN PERSONALLY IDENTIFIABLE INFORMATION], ,[MAY CONTAIN PERSONALLY IDENTIFIABLE INFORMATION], ,[MAY CONTAIN PERSONALLY IDENTIFIABLE INFORMATION], ,Santa Monica, ,CA ,[MAY CONTAIN PERSONALLY IDENTIFIABLE INFORMATION], ,Street,Dry,No Unusual Conditions,25, ,Dark - Not Lighted,Y, , , , , , , ,,SUV,No Injuries Reported,Yes,Parked,No,No,Y, , , , , , , , , , ,Entering Traffic,No,No,No Passengers in Vehicle,2, , , , , , , , , ,Y, , , , ,Y, ,Y,Y, , ,No,, ,Yes,, ,, ,, ,Yes, ,"On June [XXX], 2024 at 12:07 AM PT a Waymo Autonomous Vehicle (Waymo AV) operating in [XXX], California was in a collision involving an SUV on [XXX] near [XXX]. 
The Waymo AV was maneuvering out of a curbside parallel parking space on the south side of [XXX] when the passenger side front corner of the Waymo AV made contact with the driver side back corner of an SUV parked in front of the AV. At the time of the impact, the Waymo AVs Level 4 ADS was engaged in autonomous mode. Both vehicles sustained damage.
Waymo is reporting this crash under Request No. 2 of Standing General Order 2021-01. Waymo may supplement or correct its reporting with additional information as it may become available.",
30270-8151,1,Waymo LLC,Monthly,6,2024,JUL-2024,SADHW2S12R1, ,N/A,Jaguar,I-Pace, ,2024, ,2b22fa78d5fa181,6594, ,None,5th Generation ADS, , ,5th Generation, , ,Version 9, , ,, ,Y,,, ,Y,Yes (specify below),"CA DMV, CA PUC						",Yes,ADS,Waymo LLC, , ,Y, , , , , ,,JUN-2024, ,JUN-2024,16:37, ,ca755a883e7d54b,[MAY CONTAIN PERSONALLY IDENTIFIABLE INFORMATION], ,[MAY CONTAIN PERSONALLY IDENTIFIABLE INFORMATION], ,[MAY CONTAIN PERSONALLY IDENTIFIABLE INFORMATION], ,San Francisco, ,CA ,[MAY CONTAIN PERSONALLY IDENTIFIABLE INFORMATION], ,Street,Dry,No Unusual Conditions,25, ,Daylight,Y, , , , , , , ,,SUV,No Injuries Reported,Yes,Proceeding Straight,No,No, , , , , ,Y, , , , , ,Stopped,No,No,Yes,0, , , , ,Y, , , , , , , , , ,Y, ,Y,Y, , ,No,, ,Yes,, ,, ,, ,Yes, ,"On June [XXX], 2024 at 4:37 PM PT a Waymo Autonomous Vehicle (Waymo AV) operating in [XXX], California was in a collision involving an SUV on [XXX] near [XXX]. 
The Waymo AV was stopped facing east on [XXX] in a queue of traffic when an SUV traveling behind the Waymo AV made contact with the rear of the stopped Waymo AV. At the time of the impact, the Waymo AVs Level 4 ADS was engaged in autonomous mode. The SUV sustained damage.
Waymo is reporting this crash under Request No. 2 of Standing General Order 2021-01. Waymo may supplement or correct its reporting with additional information as it may become available.",
30270-8150,1,Waymo LLC,Monthly,6,2024,JUL-2024,SADHW2S13R1, ,N/A,Jaguar,I-Pace, ,2024, ,d76983afd11c0bc,16368, ,None,5th Generation ADS, , ,5th Generation, , ,Version 9, , ,, ,Y,,, ,Y,Yes (specify below),"CA DMV, CA PUC						",Yes,ADS,Waymo LLC, , ,Y, , , , , ,,JUN-2024, ,JUN-2024,11:39, ,614b6690f9da766,[MAY CONTAIN PERSONALLY IDENTIFIABLE INFORMATION], ,[MAY CONTAIN PERSONALLY IDENTIFIABLE INFORMATION], ,[MAY CONTAIN PERSONALLY IDENTIFIABLE INFORMATION], ,San Francisco, ,CA ,[MAY CONTAIN PERSONALLY IDENTIFIABLE INFORMATION], ,Street,Dry,No Unusual Conditions,25, ,Daylight,Y, , , , , , , ,,SUV,No Injuries Reported,Yes,Passing,No,No, , , , , , , ,Y, , , ,Stopped,No,No,No Passengers in Vehicle,0, ,Y, , , , , , , , , , , , ,Y, ,Y,Y, , ,No,, ,Yes,, ,, ,, ,Yes, ,"On June [XXX], 2024 at 11:39 AM PT a Waymo Autonomous Vehicle (Waymo AV) operating in [XXX], California was in a collision involving an SUV near [XXX]. 
The Waymo AV was stopped curbside for a pickup facing north on the east side of [XXX] when an SUV that had been stopped partially in-lane behind the Waymo AV passed the Waymo AV on the left . The passenger side rear door of the SUV made contact with the rear driver side corner of the Waymo AV.  At the time of the impact, the Waymo AVs Level 4 ADS was engaged in autonomous mode. Both vehicles sustained damage.
Waymo is reporting this crash under Request No. 2 of Standing General Order 2021-01. Waymo may supplement or correct its reporting with additional information as it may become available.",
30270-8144,1,Waymo LLC,Monthly,6,2024,JUL-2024,SADHW2S17M1, ,N/A,Jaguar,I-Pace, ,2021, ,f5bb635090c4b1a,90236, ,None,5th Generation ADS, , ,5th Generation, , ,Version 9, , ,, ,Y,,, ,Y,Yes (specify below),"CA DMV, CA PUC						",Yes,ADS,Waymo LLC, , ,Y, , , , , ,,JUN-2024, ,JUN-2024,21:20, ,ab92f55b1bd5c9b,[MAY CONTAIN PERSONALLY IDENTIFIABLE INFORMATION], ,[MAY CONTAIN PERSONALLY IDENTIFIABLE INFORMATION], ,[MAY CONTAIN PERSONALLY IDENTIFIABLE INFORMATION], ,Los Angeles, ,CA ,[MAY CONTAIN PERSONALLY IDENTIFIABLE INFORMATION], ,Intersection,Dry,No Unusual Conditions,35, ,Dark - Lighted,Y, , , , , , , ,,SUV,No Injuries Reported,Yes,Proceeding Straight,No,No, , ,Y, , ,Y, , , , , ,Stopped,No,No,No Passengers in Vehicle,0, , , , ,Y, , ,Y, , , , , , ,Y, ,Y,Y, , ,No,, ,Yes,, ,, ,, ,Yes, ,"On June [XXX], 2024 at 9:20 PM PT a Waymo Autonomous Vehicle (Waymo AV) operating in [XXX], California was in a collision involving an SUV on [XXX]. 
The Waymo AV was traveling south on [XXX] and stopped in the left lane to yield to approaching traffic in preparation for an unprotected left turn on to [XXX]. While the Waymo AV was stopped, an SUV traveling behind the Waymo AV made contact with the rear of the Waymo AV.  At the time of the impact, the Waymo AVs Level 4 ADS was engaged in autonomous mode. Both vehicles sustained damage.
Waymo is reporting this crash under Request No. 2 of Standing General Order 2021-01. Waymo may supplement or correct its reporting with additional information as it may become available.",
30270-8088,1,Waymo LLC,1-Day,,,JUL-2024,SADHW2S16M1, ,N/A,Jaguar,I-Pace, ,2021, ,90049d8b3034d29,73354, ,None,5th Generation ADS, , ,5th Generation, , ,Version 9, , ,, ,Y,,, ,Y,Yes (specify below),"CA DMV, CA PUC",Yes,ADS,Waymo LLC, , ,Y, , , , , ,,JUL-2024, ,JUL-2024,20:48, ,8cafb1314704254,[MAY CONTAIN PERSONALLY IDENTIFIABLE INFORMATION], ,[MAY CONTAIN PERSONALLY IDENTIFIABLE INFORMATION], ,[MAY CONTAIN PERSONALLY IDENTIFIABLE INFORMATION], ,San Francisco, ,CA ,[MAY CONTAIN PERSONALLY IDENTIFIABLE INFORMATION], ,Intersection,Dry,No Unusual Conditions,25, ,Dark - Lighted, , ,Y, , , , , ,,SUV,No Injuries Reported,Yes,Proceeding Straight,No,No, , , , , ,Y, , , , , ,Stopped,No,No,Yes,0, ,Y, , ,Y, , , , , , , , , ,Y, ,Y,Y, , ,No,, ,Yes,, ,, ,, ,Yes, ,"On July [XXX], 2024 at 8:48 PM PT a Waymo Autonomous Vehicle (Waymo AV) operating in [XXX], California was in a collision involving a SUV on [XXX] at [XXX]. 
The Waymo AV was traveling north on [XXX] in the far right lane and came to a stop to yield to pedestrians walking in the crosswalk of [XXX] as it prepared to make a right turn onto [XXX]. A SUV that was traveling in the same lane behind the Waymo AV then made contact with the rear of the Waymo AV. At the time of the impact, the Waymo AVs Level 4 ADS was engaged in autonomous mode. Both vehicles sustained damage and the SUV left the scene.
Waymo is reporting this crash under Request No. 1 of Standing General Order 2021-01 because a vulnerable road user influenced the driving task of a vehicle involved. Waymo may supplement or correct its reporting with additional information as it may become available.",